BEGIN TRANSACTION;
CREATE TABLE "Account" (
	id VARCHAR(255) NOT NULL, 
	"FirstName" VARCHAR(255), 
	"LastName" VARCHAR(255), 
	"Name" VARCHAR(255), 
	"PersonDoNotCall" VARCHAR(255), 
	"PersonHasOptedOutOfEmail" VARCHAR(255), 
	"PersonHasOptedOutOfFax" VARCHAR(255), 
	"RecordTypeId" VARCHAR(255), 
	"IsPersonAccount" VARCHAR(255), 
	"OperatingHoursId" VARCHAR(255), 
	"ParentId" VARCHAR(255), 
	PRIMARY KEY (id)
);
INSERT INTO "Account" VALUES('Account-1','','','Malone PLC','False','False','False','012RL000009LeYLYA0','False','','');
INSERT INTO "Account" VALUES('Account-2','','','Graves-Moreno','False','False','False','012RL000009LeYLYA0','False','','');
INSERT INTO "Account" VALUES('Account-3','','','Melton-Galloway','False','False','False','012RL000009LeYLYA0','False','','');
INSERT INTO "Account" VALUES('Account-4','','','Bryant-Solis','False','False','False','012RL000009LeYLYA0','False','','');
INSERT INTO "Account" VALUES('Account-5','','','Huang Inc','False','False','False','012RL000009LeYLYA0','False','','');
INSERT INTO "Account" VALUES('Account-6','Deborah','Santiago','','False','False','False','012RL000009LeYMYA0','True','','');
INSERT INTO "Account" VALUES('Account-7','Darin','Zuniga','','False','False','False','012RL000009LeYMYA0','True','','');
INSERT INTO "Account" VALUES('Account-8','Jaime','Estes','','False','False','False','012RL000009LeYMYA0','True','','');
INSERT INTO "Account" VALUES('Account-9','Daryl','Shepherd','','False','False','False','012RL000009LeYMYA0','True','','');
INSERT INTO "Account" VALUES('Account-10','Carmen','Mcbride','','False','False','False','012RL000009LeYMYA0','True','','');
INSERT INTO "Account" VALUES('Account-11','Chelsea','Lopez','','False','False','False','012RL000009LeYMYA0','True','','');
INSERT INTO "Account" VALUES('Account-12','Faith','Mckinney','','False','False','False','012RL000009LeYMYA0','True','','');
INSERT INTO "Account" VALUES('Account-13','Alejandro','Freeman','','False','False','False','012RL000009LeYMYA0','True','','');
INSERT INTO "Account" VALUES('Account-14','William','Henson','','False','False','False','012RL000009LeYMYA0','True','','');
INSERT INTO "Account" VALUES('Account-15','Benjamin','Baxter','','False','False','False','012RL000009LeYMYA0','True','','');
INSERT INTO "Account" VALUES('Account-16','Robyn','Tyler','','False','False','False','012RL000009LeYMYA0','True','','');
INSERT INTO "Account" VALUES('Account-17','Karl','Ellison','','False','False','False','012RL000009LeYMYA0','True','','');
INSERT INTO "Account" VALUES('Account-18','Melanie','Nixon','','False','False','False','012RL000009LeYMYA0','True','','');
INSERT INTO "Account" VALUES('Account-19','Leslie','Christian','','False','False','False','012RL000009LeYMYA0','True','','');
INSERT INTO "Account" VALUES('Account-20','Perry','Cunningham','','False','False','False','012RL000009LeYMYA0','True','','');
INSERT INTO "Account" VALUES('Account-21','Randy','Mckinney','','False','False','False','012RL000009LeYMYA0','True','','');
INSERT INTO "Account" VALUES('Account-22','Cheryl','Frost','','False','False','False','012RL000009LeYMYA0','True','','');
INSERT INTO "Account" VALUES('Account-23','Tom','Mendoza','','False','False','False','012RL000009LeYMYA0','True','','');
INSERT INTO "Account" VALUES('Account-24','Devon','Mercado','','False','False','False','012RL000009LeYMYA0','True','','');
INSERT INTO "Account" VALUES('Account-25','Lydia','Escobar','','False','False','False','012RL000009LeYMYA0','True','','');
INSERT INTO "Account" VALUES('Account-26','Virginia','Diaz','','False','False','False','012RL000009LeYMYA0','True','','');
INSERT INTO "Account" VALUES('Account-27','Melinda','Boyd','','False','False','False','012RL000009LeYMYA0','True','','');
INSERT INTO "Account" VALUES('Account-28','Alice','Joyce','','False','False','False','012RL000009LeYMYA0','True','','');
INSERT INTO "Account" VALUES('Account-29','Bobby','Fowler','','False','False','False','012RL000009LeYMYA0','True','','');
INSERT INTO "Account" VALUES('Account-30','Eric','Anderson','','False','False','False','012RL000009LeYMYA0','True','','');
INSERT INTO "Account" VALUES('Account-31','','','Cowan, Griffith and Gonzalez','False','False','False','012RL000009LeYLYA0','False','','');
INSERT INTO "Account" VALUES('Account-32','','','Henson and Sons','False','False','False','012RL000009LeYLYA0','False','','');
INSERT INTO "Account" VALUES('Account-33','','','Arellano-Benton','False','False','False','012RL000009LeYLYA0','False','','');
INSERT INTO "Account" VALUES('Account-34','','','Farley, Shaw and Huff','False','False','False','012RL000009LeYLYA0','False','','');
INSERT INTO "Account" VALUES('Account-35','','','Lynn-Rivas','False','False','False','012RL000009LeYLYA0','False','','');
INSERT INTO "Account" VALUES('Account-36','Becky','Cabrera','','False','False','False','012RL000009LeYMYA0','True','','');
INSERT INTO "Account" VALUES('Account-37','Johnathan','Boone','','False','False','False','012RL000009LeYMYA0','True','','');
INSERT INTO "Account" VALUES('Account-38','Tom','Jennings','','False','False','False','012RL000009LeYMYA0','True','','');
INSERT INTO "Account" VALUES('Account-39','Bethany','Bauer','','False','False','False','012RL000009LeYMYA0','True','','');
INSERT INTO "Account" VALUES('Account-40','Cheryl','Owen','','False','False','False','012RL000009LeYMYA0','True','','');
INSERT INTO "Account" VALUES('Account-41','Ashlee','Garza','','False','False','False','012RL000009LeYMYA0','True','','');
INSERT INTO "Account" VALUES('Account-42','Zoe','Hester','','False','False','False','012RL000009LeYMYA0','True','','');
INSERT INTO "Account" VALUES('Account-43','Dwayne','Huynh','','False','False','False','012RL000009LeYMYA0','True','','');
INSERT INTO "Account" VALUES('Account-44','Gilbert','Contreras','','False','False','False','012RL000009LeYMYA0','True','','');
INSERT INTO "Account" VALUES('Account-45','Vernon','Moran','','False','False','False','012RL000009LeYMYA0','True','','');
INSERT INTO "Account" VALUES('Account-46','Eileen','Harper','','False','False','False','012RL000009LeYMYA0','True','','');
INSERT INTO "Account" VALUES('Account-47','Gabriel','Cohen','','False','False','False','012RL000009LeYMYA0','True','','');
INSERT INTO "Account" VALUES('Account-48','Janice','Graham','','False','False','False','012RL000009LeYMYA0','True','','');
INSERT INTO "Account" VALUES('Account-49','Alex','Richardson','','False','False','False','012RL000009LeYMYA0','True','','');
INSERT INTO "Account" VALUES('Account-50','Phillip','Maynard','','False','False','False','012RL000009LeYMYA0','True','','');
INSERT INTO "Account" VALUES('Account-51','Sydney','Fletcher','','False','False','False','012RL000009LeYMYA0','True','','');
INSERT INTO "Account" VALUES('Account-52','Tasha','Drake','','False','False','False','012RL000009LeYMYA0','True','','');
INSERT INTO "Account" VALUES('Account-53','Alexander','Schwartz','','False','False','False','012RL000009LeYMYA0','True','','');
INSERT INTO "Account" VALUES('Account-54','Alexandria','Ponce','','False','False','False','012RL000009LeYMYA0','True','','');
INSERT INTO "Account" VALUES('Account-55','Derrick','Howe','','False','False','False','012RL000009LeYMYA0','True','','');
INSERT INTO "Account" VALUES('Account-56','Teresa','Fisher','','False','False','False','012RL000009LeYMYA0','True','','');
INSERT INTO "Account" VALUES('Account-57','Vernon','Ray','','False','False','False','012RL000009LeYMYA0','True','','');
INSERT INTO "Account" VALUES('Account-58','Meagan','Guerra','','False','False','False','012RL000009LeYMYA0','True','','');
INSERT INTO "Account" VALUES('Account-59','Ariana','Benton','','False','False','False','012RL000009LeYMYA0','True','','');
INSERT INTO "Account" VALUES('Account-60','Arthur','Hubbard','','False','False','False','012RL000009LeYMYA0','True','','');
INSERT INTO "Account" VALUES('Account-61','','','Hatfield-Rich','False','False','False','012RL000009LeYLYA0','False','','');
INSERT INTO "Account" VALUES('Account-62','','','Dodson, Shepherd and Conway','False','False','False','012RL000009LeYLYA0','False','','');
INSERT INTO "Account" VALUES('Account-63','','','Baldwin-Hodges','False','False','False','012RL000009LeYLYA0','False','','');
INSERT INTO "Account" VALUES('Account-64','','','Barrett-Henson','False','False','False','012RL000009LeYLYA0','False','','');
INSERT INTO "Account" VALUES('Account-65','','','Guerrero-Jackson','False','False','False','012RL000009LeYLYA0','False','','');
INSERT INTO "Account" VALUES('Account-66','Darren','Willis','','False','False','False','012RL000009LeYMYA0','True','','');
INSERT INTO "Account" VALUES('Account-67','Dana','Rich','','False','False','False','012RL000009LeYMYA0','True','','');
INSERT INTO "Account" VALUES('Account-68','Megan','Huynh','','False','False','False','012RL000009LeYMYA0','True','','');
INSERT INTO "Account" VALUES('Account-69','Kathleen','Werner','','False','False','False','012RL000009LeYMYA0','True','','');
INSERT INTO "Account" VALUES('Account-70','Jackie','Espinoza','','False','False','False','012RL000009LeYMYA0','True','','');
INSERT INTO "Account" VALUES('Account-71','Herbert','Garrison','','False','False','False','012RL000009LeYMYA0','True','','');
INSERT INTO "Account" VALUES('Account-72','Matthew','Wise','','False','False','False','012RL000009LeYMYA0','True','','');
INSERT INTO "Account" VALUES('Account-73','Joel','Glover','','False','False','False','012RL000009LeYMYA0','True','','');
INSERT INTO "Account" VALUES('Account-74','Spencer','Lyons','','False','False','False','012RL000009LeYMYA0','True','','');
INSERT INTO "Account" VALUES('Account-75','Kristin','Peck','','False','False','False','012RL000009LeYMYA0','True','','');
INSERT INTO "Account" VALUES('Account-76','Tiffany','Bishop','','False','False','False','012RL000009LeYMYA0','True','','');
INSERT INTO "Account" VALUES('Account-77','Pamela','Burch','','False','False','False','012RL000009LeYMYA0','True','','');
INSERT INTO "Account" VALUES('Account-78','Alfred','Orr','','False','False','False','012RL000009LeYMYA0','True','','');
INSERT INTO "Account" VALUES('Account-79','Mikayla','Booker','','False','False','False','012RL000009LeYMYA0','True','','');
INSERT INTO "Account" VALUES('Account-80','Isabel','Robinson','','False','False','False','012RL000009LeYMYA0','True','','');
INSERT INTO "Account" VALUES('Account-81','Zoe','Mercado','','False','False','False','012RL000009LeYMYA0','True','','');
INSERT INTO "Account" VALUES('Account-82','Melinda','Kelly','','False','False','False','012RL000009LeYMYA0','True','','');
INSERT INTO "Account" VALUES('Account-83','Karla','Jones','','False','False','False','012RL000009LeYMYA0','True','','');
INSERT INTO "Account" VALUES('Account-84','Marilyn','Harrison','','False','False','False','012RL000009LeYMYA0','True','','');
INSERT INTO "Account" VALUES('Account-85','Tanner','Roman','','False','False','False','012RL000009LeYMYA0','True','','');
INSERT INTO "Account" VALUES('Account-86','Nathaniel','Whitaker','','False','False','False','012RL000009LeYMYA0','True','','');
INSERT INTO "Account" VALUES('Account-87','Vickie','Fowler','','False','False','False','012RL000009LeYMYA0','True','','');
INSERT INTO "Account" VALUES('Account-88','William','Floyd','','False','False','False','012RL000009LeYMYA0','True','','');
INSERT INTO "Account" VALUES('Account-89','Gene','Ball','','False','False','False','012RL000009LeYMYA0','True','','');
INSERT INTO "Account" VALUES('Account-90','Lawrence','Stokes','','False','False','False','012RL000009LeYMYA0','True','','');
INSERT INTO "Account" VALUES('Account-91','','','Cobb, Franco and Baldwin','False','False','False','012RL000009LeYLYA0','False','','');
INSERT INTO "Account" VALUES('Account-92','','','Foster Ltd','False','False','False','012RL000009LeYLYA0','False','','');
INSERT INTO "Account" VALUES('Account-93','','','Dawson-Webster','False','False','False','012RL000009LeYLYA0','False','','');
INSERT INTO "Account" VALUES('Account-94','','','Skinner, Mitchell and Fritz','False','False','False','012RL000009LeYLYA0','False','','');
INSERT INTO "Account" VALUES('Account-95','','','Suarez, Novak and Chandler','False','False','False','012RL000009LeYLYA0','False','','');
INSERT INTO "Account" VALUES('Account-96','Clinton','Holloway','','False','False','False','012RL000009LeYMYA0','True','','');
INSERT INTO "Account" VALUES('Account-97','Andres','Mclean','','False','False','False','012RL000009LeYMYA0','True','','');
INSERT INTO "Account" VALUES('Account-98','Reginald','Richards','','False','False','False','012RL000009LeYMYA0','True','','');
INSERT INTO "Account" VALUES('Account-99','Veronica','Bradshaw','','False','False','False','012RL000009LeYMYA0','True','','');
INSERT INTO "Account" VALUES('Account-100','Tony','Ward','','False','False','False','012RL000009LeYMYA0','True','','');
INSERT INTO "Account" VALUES('Account-101','Raymond','Farmer','','False','False','False','012RL000009LeYMYA0','True','','');
INSERT INTO "Account" VALUES('Account-102','Sonya','Hart','','False','False','False','012RL000009LeYMYA0','True','','');
INSERT INTO "Account" VALUES('Account-103','Scott','Dennis','','False','False','False','012RL000009LeYMYA0','True','','');
INSERT INTO "Account" VALUES('Account-104','Catherine','Morton','','False','False','False','012RL000009LeYMYA0','True','','');
INSERT INTO "Account" VALUES('Account-105','Cassandra','Francis','','False','False','False','012RL000009LeYMYA0','True','','');
INSERT INTO "Account" VALUES('Account-106','Trevor','Werner','','False','False','False','012RL000009LeYMYA0','True','','');
INSERT INTO "Account" VALUES('Account-107','Rose','Nash','','False','False','False','012RL000009LeYMYA0','True','','');
INSERT INTO "Account" VALUES('Account-108','Danielle','Manning','','False','False','False','012RL000009LeYMYA0','True','','');
INSERT INTO "Account" VALUES('Account-109','Alice','Kemp','','False','False','False','012RL000009LeYMYA0','True','','');
INSERT INTO "Account" VALUES('Account-110','Jane','Hutchinson','','False','False','False','012RL000009LeYMYA0','True','','');
INSERT INTO "Account" VALUES('Account-111','Kendra','Burke','','False','False','False','012RL000009LeYMYA0','True','','');
INSERT INTO "Account" VALUES('Account-112','Tabitha','Gross','','False','False','False','012RL000009LeYMYA0','True','','');
INSERT INTO "Account" VALUES('Account-113','Alex','Graves','','False','False','False','012RL000009LeYMYA0','True','','');
INSERT INTO "Account" VALUES('Account-114','Angie','Davies','','False','False','False','012RL000009LeYMYA0','True','','');
INSERT INTO "Account" VALUES('Account-115','Christopher','Glover','','False','False','False','012RL000009LeYMYA0','True','','');
INSERT INTO "Account" VALUES('Account-116','Sheena','Watkins','','False','False','False','012RL000009LeYMYA0','True','','');
INSERT INTO "Account" VALUES('Account-117','Preston','Rocha','','False','False','False','012RL000009LeYMYA0','True','','');
INSERT INTO "Account" VALUES('Account-118','Hayden','Wagner','','False','False','False','012RL000009LeYMYA0','True','','');
INSERT INTO "Account" VALUES('Account-119','Laurie','Shelton','','False','False','False','012RL000009LeYMYA0','True','','');
INSERT INTO "Account" VALUES('Account-120','Alexandra','Novak','','False','False','False','012RL000009LeYMYA0','True','','');
INSERT INTO "Account" VALUES('Account-121','','','Sharp-Sampson','False','False','False','012RL000009LeYLYA0','False','','');
INSERT INTO "Account" VALUES('Account-122','','','Kline, Cross and Massey','False','False','False','012RL000009LeYLYA0','False','','');
INSERT INTO "Account" VALUES('Account-123','','','Randall, Payne and Cooke','False','False','False','012RL000009LeYLYA0','False','','');
INSERT INTO "Account" VALUES('Account-124','','','Cherry, Ibarra and Hamilton','False','False','False','012RL000009LeYLYA0','False','','');
INSERT INTO "Account" VALUES('Account-125','','','Orr, Craig and Murphy','False','False','False','012RL000009LeYLYA0','False','','');
INSERT INTO "Account" VALUES('Account-126','','','Griffith-Bryant','False','False','False','012RL000009LeYLYA0','False','','');
INSERT INTO "Account" VALUES('Account-127','','','Mcconnell, Cowan and Alvarado','False','False','False','012RL000009LeYLYA0','False','','');
INSERT INTO "Account" VALUES('Account-128','','','Riggs PLC','False','False','False','012RL000009LeYLYA0','False','','');
INSERT INTO "Account" VALUES('Account-129','Nicole','Brennan','','False','False','False','012RL000009LeYMYA0','True','','');
INSERT INTO "Account" VALUES('Account-130','Jared','Mercer','','False','False','False','012RL000009LeYMYA0','True','','');
INSERT INTO "Account" VALUES('Account-131','Brandon','Phelps','','False','False','False','012RL000009LeYMYA0','True','','');
INSERT INTO "Account" VALUES('Account-132','Andrew','Lara','','False','False','False','012RL000009LeYMYA0','True','','');
INSERT INTO "Account" VALUES('Account-133','Mackenzie','Dodson','','False','False','False','012RL000009LeYMYA0','True','','');
INSERT INTO "Account" VALUES('Account-134','Jeremiah','Berry','','False','False','False','012RL000009LeYMYA0','True','','');
INSERT INTO "Account" VALUES('Account-135','Russell','Russell','','False','False','False','012RL000009LeYMYA0','True','','');
INSERT INTO "Account" VALUES('Account-136','Stephanie','Cunningham','','False','False','False','012RL000009LeYMYA0','True','','');
INSERT INTO "Account" VALUES('Account-137','Katherine','Bowers','','False','False','False','012RL000009LeYMYA0','True','','');
INSERT INTO "Account" VALUES('Account-138','Tami','Hood','','False','False','False','012RL000009LeYMYA0','True','','');
INSERT INTO "Account" VALUES('Account-139','Katrina','Bright','','False','False','False','012RL000009LeYMYA0','True','','');
INSERT INTO "Account" VALUES('Account-140','Lance','Juarez','','False','False','False','012RL000009LeYMYA0','True','','');
INSERT INTO "Account" VALUES('Account-141','Mary','Woodward','','False','False','False','012RL000009LeYMYA0','True','','');
INSERT INTO "Account" VALUES('Account-142','Gregory','Hicks','','False','False','False','012RL000009LeYMYA0','True','','');
INSERT INTO "Account" VALUES('Account-143','Hailey','Hendricks','','False','False','False','012RL000009LeYMYA0','True','','');
INSERT INTO "Account" VALUES('Account-144','Logan','Arellano','','False','False','False','012RL000009LeYMYA0','True','','');
INSERT INTO "Account" VALUES('Account-145','Jody','Bauer','','False','False','False','012RL000009LeYMYA0','True','','');
INSERT INTO "Account" VALUES('Account-146','Elijah','Lee','','False','False','False','012RL000009LeYMYA0','True','','');
INSERT INTO "Account" VALUES('Account-147','Melanie','Cochran','','False','False','False','012RL000009LeYMYA0','True','','');
INSERT INTO "Account" VALUES('Account-148','Douglas','Whitney','','False','False','False','012RL000009LeYMYA0','True','','');
INSERT INTO "Account" VALUES('Account-149','Monica','Smith','','False','False','False','012RL000009LeYMYA0','True','','');
INSERT INTO "Account" VALUES('Account-150','Carl','Martinez','','False','False','False','012RL000009LeYMYA0','True','','');
INSERT INTO "Account" VALUES('Account-151','Warren','Chapman','','False','False','False','012RL000009LeYMYA0','True','','');
INSERT INTO "Account" VALUES('Account-152','Carol','Richards','','False','False','False','012RL000009LeYMYA0','True','','');
INSERT INTO "Account" VALUES('Account-153','Oscar','Garrison','','False','False','False','012RL000009LeYMYA0','True','','');
INSERT INTO "Account" VALUES('Account-154','','','Snyder, Cervantes and Mclean','False','False','False','012RL000009LeYLYA0','False','','');
INSERT INTO "Account" VALUES('Account-155','','','Martinez-Dennis','False','False','False','012RL000009LeYLYA0','False','','');
INSERT INTO "Account" VALUES('Account-156','','','Hanson-Hardy','False','False','False','012RL000009LeYLYA0','False','','');
INSERT INTO "Account" VALUES('Account-157','','','Johnson Ltd','False','False','False','012RL000009LeYLYA0','False','','');
INSERT INTO "Account" VALUES('Account-158','','','Thompson-Jones','False','False','False','012RL000009LeYLYA0','False','','');
INSERT INTO "Account" VALUES('Account-159','Dakota','Harper','','False','False','False','012RL000009LeYMYA0','True','','');
INSERT INTO "Account" VALUES('Account-160','Roger','Dixon','','False','False','False','012RL000009LeYMYA0','True','','');
INSERT INTO "Account" VALUES('Account-161','Peggy','Roach','','False','False','False','012RL000009LeYMYA0','True','','');
INSERT INTO "Account" VALUES('Account-162','Parker','May','','False','False','False','012RL000009LeYMYA0','True','','');
INSERT INTO "Account" VALUES('Account-163','Lucas','Munoz','','False','False','False','012RL000009LeYMYA0','True','','');
INSERT INTO "Account" VALUES('Account-164','Clinton','Guerra','','False','False','False','012RL000009LeYMYA0','True','','');
INSERT INTO "Account" VALUES('Account-165','Casey','Sharp','','False','False','False','012RL000009LeYMYA0','True','','');
INSERT INTO "Account" VALUES('Account-166','David','Watkins','','False','False','False','012RL000009LeYMYA0','True','','');
INSERT INTO "Account" VALUES('Account-167','Daniel','Monroe','','False','False','False','012RL000009LeYMYA0','True','','');
INSERT INTO "Account" VALUES('Account-168','Connie','Tapia','','False','False','False','012RL000009LeYMYA0','True','','');
INSERT INTO "Account" VALUES('Account-169','Robin','Stein','','False','False','False','012RL000009LeYMYA0','True','','');
INSERT INTO "Account" VALUES('Account-170','Colin','Duran','','False','False','False','012RL000009LeYMYA0','True','','');
INSERT INTO "Account" VALUES('Account-171','Darryl','Chang','','False','False','False','012RL000009LeYMYA0','True','','');
INSERT INTO "Account" VALUES('Account-172','Bradley','Leach','','False','False','False','012RL000009LeYMYA0','True','','');
INSERT INTO "Account" VALUES('Account-173','Vickie','Ochoa','','False','False','False','012RL000009LeYMYA0','True','','');
INSERT INTO "Account" VALUES('Account-174','Ray','Salazar','','False','False','False','012RL000009LeYMYA0','True','','');
INSERT INTO "Account" VALUES('Account-175','Cynthia','Trujillo','','False','False','False','012RL000009LeYMYA0','True','','');
INSERT INTO "Account" VALUES('Account-176','Sabrina','Maxwell','','False','False','False','012RL000009LeYMYA0','True','','');
INSERT INTO "Account" VALUES('Account-177','Lucas','Morrow','','False','False','False','012RL000009LeYMYA0','True','','');
INSERT INTO "Account" VALUES('Account-178','Dana','West','','False','False','False','012RL000009LeYMYA0','True','','');
INSERT INTO "Account" VALUES('Account-179','Candace','Vazquez','','False','False','False','012RL000009LeYMYA0','True','','');
INSERT INTO "Account" VALUES('Account-180','Cristian','Nielsen','','False','False','False','012RL000009LeYMYA0','True','','');
INSERT INTO "Account" VALUES('Account-181','Darlene','Levy','','False','False','False','012RL000009LeYMYA0','True','','');
INSERT INTO "Account" VALUES('Account-182','Jackson','Medina','','False','False','False','012RL000009LeYMYA0','True','','');
INSERT INTO "Account" VALUES('Account-183','Paul','Hartman','','False','False','False','012RL000009LeYMYA0','True','','');
INSERT INTO "Account" VALUES('Account-184','','','Cook, Hensley and Petersen','False','False','False','012RL000009LeYLYA0','False','','');
INSERT INTO "Account" VALUES('Account-185','','','Calhoun Group','False','False','False','012RL000009LeYLYA0','False','','');
INSERT INTO "Account" VALUES('Account-186','','','Moon Ltd','False','False','False','012RL000009LeYLYA0','False','','');
INSERT INTO "Account" VALUES('Account-187','','','Lam-Meyer','False','False','False','012RL000009LeYLYA0','False','','');
INSERT INTO "Account" VALUES('Account-188','','','Walker-Potts','False','False','False','012RL000009LeYLYA0','False','','');
INSERT INTO "Account" VALUES('Account-189','Ryan','Koch','','False','False','False','012RL000009LeYMYA0','True','','');
INSERT INTO "Account" VALUES('Account-190','Martin','Brady','','False','False','False','012RL000009LeYMYA0','True','','');
INSERT INTO "Account" VALUES('Account-191','Makayla','Wright','','False','False','False','012RL000009LeYMYA0','True','','');
INSERT INTO "Account" VALUES('Account-192','Chase','Boone','','False','False','False','012RL000009LeYMYA0','True','','');
INSERT INTO "Account" VALUES('Account-193','Billy','Moss','','False','False','False','012RL000009LeYMYA0','True','','');
INSERT INTO "Account" VALUES('Account-194','Cody','Marquez','','False','False','False','012RL000009LeYMYA0','True','','');
INSERT INTO "Account" VALUES('Account-195','Danny','Mooney','','False','False','False','012RL000009LeYMYA0','True','','');
INSERT INTO "Account" VALUES('Account-196','Jillian','Stephenson','','False','False','False','012RL000009LeYMYA0','True','','');
INSERT INTO "Account" VALUES('Account-197','Darin','Quinn','','False','False','False','012RL000009LeYMYA0','True','','');
INSERT INTO "Account" VALUES('Account-198','Amy','Meadows','','False','False','False','012RL000009LeYMYA0','True','','');
INSERT INTO "Account" VALUES('Account-199','Kirk','Mack','','False','False','False','012RL000009LeYMYA0','True','','');
INSERT INTO "Account" VALUES('Account-200','Devin','Wilson','','False','False','False','012RL000009LeYMYA0','True','','');
INSERT INTO "Account" VALUES('Account-201','Isaiah','Malone','','False','False','False','012RL000009LeYMYA0','True','','');
INSERT INTO "Account" VALUES('Account-202','Brandi','Hurley','','False','False','False','012RL000009LeYMYA0','True','','');
INSERT INTO "Account" VALUES('Account-203','Shelley','Boone','','False','False','False','012RL000009LeYMYA0','True','','');
INSERT INTO "Account" VALUES('Account-204','Reginald','Malone','','False','False','False','012RL000009LeYMYA0','True','','');
INSERT INTO "Account" VALUES('Account-205','Ronnie','Branch','','False','False','False','012RL000009LeYMYA0','True','','');
INSERT INTO "Account" VALUES('Account-206','Morgan','Koch','','False','False','False','012RL000009LeYMYA0','True','','');
INSERT INTO "Account" VALUES('Account-207','Marisa','Chaney','','False','False','False','012RL000009LeYMYA0','True','','');
INSERT INTO "Account" VALUES('Account-208','Morgan','Strickland','','False','False','False','012RL000009LeYMYA0','True','','');
INSERT INTO "Account" VALUES('Account-209','Louis','May','','False','False','False','012RL000009LeYMYA0','True','','');
INSERT INTO "Account" VALUES('Account-210','Laura','Bolton','','False','False','False','012RL000009LeYMYA0','True','','');
INSERT INTO "Account" VALUES('Account-211','Sherri','Gaines','','False','False','False','012RL000009LeYMYA0','True','','');
INSERT INTO "Account" VALUES('Account-212','Louis','Baxter','','False','False','False','012RL000009LeYMYA0','True','','');
INSERT INTO "Account" VALUES('Account-213','Luke','Manning','','False','False','False','012RL000009LeYMYA0','True','','');
INSERT INTO "Account" VALUES('Account-214','','','Gamble Group','False','False','False','012RL000009LeYLYA0','False','','');
INSERT INTO "Account" VALUES('Account-215','','','Johnston, Grimes and Burton','False','False','False','012RL000009LeYLYA0','False','','');
INSERT INTO "Account" VALUES('Account-216','Reginald','Kemp','','False','False','False','012RL000009LeYMYA0','True','','');
INSERT INTO "Account" VALUES('Account-217','Ethan','Ellison','','False','False','False','012RL000009LeYMYA0','True','','');
INSERT INTO "Account" VALUES('Account-218','Helen','Murillo','','False','False','False','012RL000009LeYMYA0','True','','');
INSERT INTO "Account" VALUES('Account-219','Jamie','Brandt','','False','False','False','012RL000009LeYMYA0','True','','');
INSERT INTO "Account" VALUES('Account-220','Holly','Berg','','False','False','False','012RL000009LeYMYA0','True','','');
INSERT INTO "Account" VALUES('Account-221','Jesse','Jacobson','','False','False','False','012RL000009LeYMYA0','True','','');
INSERT INTO "Account" VALUES('Account-222','Jodi','Hayes','','False','False','False','012RL000009LeYMYA0','True','','');
INSERT INTO "Account" VALUES('Account-223','Andre','Park','','False','False','False','012RL000009LeYMYA0','True','','');
INSERT INTO "Account" VALUES('Account-224','Gregg','Jarvis','','False','False','False','012RL000009LeYMYA0','True','','');
INSERT INTO "Account" VALUES('Account-225','Beth','Gentry','','False','False','False','012RL000009LeYMYA0','True','','');
INSERT INTO "Account" VALUES('Account-226','Ebony','Bullock','','False','False','False','012RL000009LeYMYA0','True','','');
INSERT INTO "Account" VALUES('Account-227','Jenna','Ochoa','','False','False','False','012RL000009LeYMYA0','True','','');
INSERT INTO "Account" VALUES('Account-228','Anne','Briggs','','False','False','False','012RL000009LeYMYA0','True','','');
INSERT INTO "Account" VALUES('Account-229','Alyssa','Bowman','','False','False','False','012RL000009LeYMYA0','True','','');
INSERT INTO "Account" VALUES('Account-230','Karen','Choi','','False','False','False','012RL000009LeYMYA0','True','','');
INSERT INTO "Account" VALUES('Account-231','Connor','Mann','','False','False','False','012RL000009LeYMYA0','True','','');
INSERT INTO "Account" VALUES('Account-232','Rebecca','Zuniga','','False','False','False','012RL000009LeYMYA0','True','','');
INSERT INTO "Account" VALUES('Account-233','Tristan','Spence','','False','False','False','012RL000009LeYMYA0','True','','');
INSERT INTO "Account" VALUES('Account-234','Mckenzie','Guzman','','False','False','False','012RL000009LeYMYA0','True','','');
INSERT INTO "Account" VALUES('Account-235','Jenna','Keith','','False','False','False','012RL000009LeYMYA0','True','','');
INSERT INTO "Account" VALUES('Account-236','Jaime','Kaiser','','False','False','False','012RL000009LeYMYA0','True','','');
INSERT INTO "Account" VALUES('Account-237','Erik','Neal','','False','False','False','012RL000009LeYMYA0','True','','');
INSERT INTO "Account" VALUES('Account-238','Stacey','Krueger','','False','False','False','012RL000009LeYMYA0','True','','');
INSERT INTO "Account" VALUES('Account-239','Gloria','Douglas','','False','False','False','012RL000009LeYMYA0','True','','');
INSERT INTO "Account" VALUES('Account-240','Dominique','Nash','','False','False','False','012RL000009LeYMYA0','True','','');
INSERT INTO "Account" VALUES('Account-241','','','Hancock-Mcbride','False','False','False','012RL000009LeYLYA0','False','','');
INSERT INTO "Account" VALUES('Account-242','','','Durham, Castillo and Salazar','False','False','False','012RL000009LeYLYA0','False','','');
INSERT INTO "Account" VALUES('Account-243','','','Glover, Fuentes and Roberts','False','False','False','012RL000009LeYLYA0','False','','');
INSERT INTO "Account" VALUES('Account-244','','','Rich-Walker','False','False','False','012RL000009LeYLYA0','False','','');
INSERT INTO "Account" VALUES('Account-245','','','Cobb-Porter','False','False','False','012RL000009LeYLYA0','False','','');
INSERT INTO "Account" VALUES('Account-246','Zoe','Hood','','False','False','False','012RL000009LeYMYA0','True','','');
INSERT INTO "Account" VALUES('Account-247','Mandy','Bass','','False','False','False','012RL000009LeYMYA0','True','','');
INSERT INTO "Account" VALUES('Account-248','Roberta','Sheppard','','False','False','False','012RL000009LeYMYA0','True','','');
INSERT INTO "Account" VALUES('Account-249','Fred','Harrington','','False','False','False','012RL000009LeYMYA0','True','','');
INSERT INTO "Account" VALUES('Account-250','Traci','Greer','','False','False','False','012RL000009LeYMYA0','True','','');
INSERT INTO "Account" VALUES('Account-251','Maureen','Dunlap','','False','False','False','012RL000009LeYMYA0','True','','');
INSERT INTO "Account" VALUES('Account-252','Victoria','Turner','','False','False','False','012RL000009LeYMYA0','True','','');
INSERT INTO "Account" VALUES('Account-253','Kent','Bauer','','False','False','False','012RL000009LeYMYA0','True','','');
INSERT INTO "Account" VALUES('Account-254','April','Hammond','','False','False','False','012RL000009LeYMYA0','True','','');
INSERT INTO "Account" VALUES('Account-255','Andrea','Perkins','','False','False','False','012RL000009LeYMYA0','True','','');
INSERT INTO "Account" VALUES('Account-256','Terrence','Warren','','False','False','False','012RL000009LeYMYA0','True','','');
INSERT INTO "Account" VALUES('Account-257','Hector','Quinn','','False','False','False','012RL000009LeYMYA0','True','','');
INSERT INTO "Account" VALUES('Account-258','Brady','Mata','','False','False','False','012RL000009LeYMYA0','True','','');
INSERT INTO "Account" VALUES('Account-259','Terrance','Tapia','','False','False','False','012RL000009LeYMYA0','True','','');
INSERT INTO "Account" VALUES('Account-260','Ann','Cohen','','False','False','False','012RL000009LeYMYA0','True','','');
INSERT INTO "Account" VALUES('Account-261','Bethany','Perkins','','False','False','False','012RL000009LeYMYA0','True','','');
INSERT INTO "Account" VALUES('Account-262','Megan','Pace','','False','False','False','012RL000009LeYMYA0','True','','');
INSERT INTO "Account" VALUES('Account-263','Angela','Esparza','','False','False','False','012RL000009LeYMYA0','True','','');
INSERT INTO "Account" VALUES('Account-264','Javier','Greene','','False','False','False','012RL000009LeYMYA0','True','','');
INSERT INTO "Account" VALUES('Account-265','Madison','Davila','','False','False','False','012RL000009LeYMYA0','True','','');
INSERT INTO "Account" VALUES('Account-266','Adriana','Daniels','','False','False','False','012RL000009LeYMYA0','True','','');
INSERT INTO "Account" VALUES('Account-267','Ruben','Mckenzie','','False','False','False','012RL000009LeYMYA0','True','','');
INSERT INTO "Account" VALUES('Account-268','Edwin','Smith','','False','False','False','012RL000009LeYMYA0','True','','');
INSERT INTO "Account" VALUES('Account-269','Sandra','Mcclain','','False','False','False','012RL000009LeYMYA0','True','','');
INSERT INTO "Account" VALUES('Account-270','Drew','Wade','','False','False','False','012RL000009LeYMYA0','True','','');
INSERT INTO "Account" VALUES('Account-271','','','Wyatt-Ritter','False','False','False','012RL000009LeYLYA0','False','','');
INSERT INTO "Account" VALUES('Account-272','','','Bautista, Mcdowell and Horton','False','False','False','012RL000009LeYLYA0','False','','');
INSERT INTO "Account" VALUES('Account-273','','','Hamilton, Glass and Mercado','False','False','False','012RL000009LeYLYA0','False','','');
INSERT INTO "Account" VALUES('Account-274','','','Jennings, Hoover and Boyle','False','False','False','012RL000009LeYLYA0','False','','');
INSERT INTO "Account" VALUES('Account-275','','','Horton-Duncan','False','False','False','012RL000009LeYLYA0','False','','');
INSERT INTO "Account" VALUES('Account-276','Joshua','Cox','','False','False','False','012RL000009LeYMYA0','True','','');
INSERT INTO "Account" VALUES('Account-277','Dan','Trujillo','','False','False','False','012RL000009LeYMYA0','True','','');
INSERT INTO "Account" VALUES('Account-278','Miranda','Torres','','False','False','False','012RL000009LeYMYA0','True','','');
INSERT INTO "Account" VALUES('Account-279','Thomas','Sanford','','False','False','False','012RL000009LeYMYA0','True','','');
INSERT INTO "Account" VALUES('Account-280','Jody','Elliott','','False','False','False','012RL000009LeYMYA0','True','','');
INSERT INTO "Account" VALUES('Account-281','Abigail','Tapia','','False','False','False','012RL000009LeYMYA0','True','','');
INSERT INTO "Account" VALUES('Account-282','Marisa','Gray','','False','False','False','012RL000009LeYMYA0','True','','');
INSERT INTO "Account" VALUES('Account-283','Sonya','Santana','','False','False','False','012RL000009LeYMYA0','True','','');
INSERT INTO "Account" VALUES('Account-284','Derek','Crawford','','False','False','False','012RL000009LeYMYA0','True','','');
INSERT INTO "Account" VALUES('Account-285','Lauren','Mcbride','','False','False','False','012RL000009LeYMYA0','True','','');
INSERT INTO "Account" VALUES('Account-286','Martin','Mooney','','False','False','False','012RL000009LeYMYA0','True','','');
INSERT INTO "Account" VALUES('Account-287','Rebecca','Hess','','False','False','False','012RL000009LeYMYA0','True','','');
INSERT INTO "Account" VALUES('Account-288','Jade','Blackburn','','False','False','False','012RL000009LeYMYA0','True','','');
INSERT INTO "Account" VALUES('Account-289','Caitlin','Shepard','','False','False','False','012RL000009LeYMYA0','True','','');
INSERT INTO "Account" VALUES('Account-290','Daisy','Acosta','','False','False','False','012RL000009LeYMYA0','True','','');
INSERT INTO "Account" VALUES('Account-291','Grace','Holmes','','False','False','False','012RL000009LeYMYA0','True','','');
INSERT INTO "Account" VALUES('Account-292','Shaun','Bean','','False','False','False','012RL000009LeYMYA0','True','','');
INSERT INTO "Account" VALUES('Account-293','Peter','Kemp','','False','False','False','012RL000009LeYMYA0','True','','');
INSERT INTO "Account" VALUES('Account-294','Glenda','Taylor','','False','False','False','012RL000009LeYMYA0','True','','');
INSERT INTO "Account" VALUES('Account-295','Tonya','Lucas','','False','False','False','012RL000009LeYMYA0','True','','');
INSERT INTO "Account" VALUES('Account-296','Brandy','Velazquez','','False','False','False','012RL000009LeYMYA0','True','','');
INSERT INTO "Account" VALUES('Account-297','Shelia','Hunt','','False','False','False','012RL000009LeYMYA0','True','','');
INSERT INTO "Account" VALUES('Account-298','Chelsey','Rios','','False','False','False','012RL000009LeYMYA0','True','','');
INSERT INTO "Account" VALUES('Account-299','Randy','Keith','','False','False','False','012RL000009LeYMYA0','True','','');
INSERT INTO "Account" VALUES('Account-300','Carolyn','Lyons','','False','False','False','012RL000009LeYMYA0','True','','');
INSERT INTO "Account" VALUES('Account-301','','','Murray and Sons','False','False','False','012RL000009LeYLYA0','False','','');
INSERT INTO "Account" VALUES('Account-302','','','Elliott, Sparks and Bird','False','False','False','012RL000009LeYLYA0','False','','');
INSERT INTO "Account" VALUES('Account-303','','','Rice-Drake','False','False','False','012RL000009LeYLYA0','False','','');
INSERT INTO "Account" VALUES('Account-304','','','Avila Ltd','False','False','False','012RL000009LeYLYA0','False','','');
INSERT INTO "Account" VALUES('Account-305','','','Griffin LLC','False','False','False','012RL000009LeYLYA0','False','','');
INSERT INTO "Account" VALUES('Account-306','Chase','Thomas','','False','False','False','012RL000009LeYMYA0','True','','');
INSERT INTO "Account" VALUES('Account-307','Norman','Fitzgerald','','False','False','False','012RL000009LeYMYA0','True','','');
INSERT INTO "Account" VALUES('Account-308','Sydney','Juarez','','False','False','False','012RL000009LeYMYA0','True','','');
INSERT INTO "Account" VALUES('Account-309','Alexa','Herman','','False','False','False','012RL000009LeYMYA0','True','','');
INSERT INTO "Account" VALUES('Account-310','William','Munoz','','False','False','False','012RL000009LeYMYA0','True','','');
INSERT INTO "Account" VALUES('Account-311','Marc','Allen','','False','False','False','012RL000009LeYMYA0','True','','');
INSERT INTO "Account" VALUES('Account-312','Krystal','Bowers','','False','False','False','012RL000009LeYMYA0','True','','');
INSERT INTO "Account" VALUES('Account-313','Clinton','Tran','','False','False','False','012RL000009LeYMYA0','True','','');
INSERT INTO "Account" VALUES('Account-314','Kristi','Bullock','','False','False','False','012RL000009LeYMYA0','True','','');
INSERT INTO "Account" VALUES('Account-315','Shane','Hammond','','False','False','False','012RL000009LeYMYA0','True','','');
INSERT INTO "Account" VALUES('Account-316','Melissa','Dominguez','','False','False','False','012RL000009LeYMYA0','True','','');
INSERT INTO "Account" VALUES('Account-317','Lonnie','Ware','','False','False','False','012RL000009LeYMYA0','True','','');
INSERT INTO "Account" VALUES('Account-318','Alexander','Cole','','False','False','False','012RL000009LeYMYA0','True','','');
INSERT INTO "Account" VALUES('Account-319','Louis','Perkins','','False','False','False','012RL000009LeYMYA0','True','','');
INSERT INTO "Account" VALUES('Account-320','Debbie','Mcmahon','','False','False','False','012RL000009LeYMYA0','True','','');
INSERT INTO "Account" VALUES('Account-321','Cynthia','Best','','False','False','False','012RL000009LeYMYA0','True','','');
INSERT INTO "Account" VALUES('Account-322','Andre','Nicholson','','False','False','False','012RL000009LeYMYA0','True','','');
INSERT INTO "Account" VALUES('Account-323','Keith','Hays','','False','False','False','012RL000009LeYMYA0','True','','');
INSERT INTO "Account" VALUES('Account-324','Lawrence','Mcclain','','False','False','False','012RL000009LeYMYA0','True','','');
INSERT INTO "Account" VALUES('Account-325','Terry','Stark','','False','False','False','012RL000009LeYMYA0','True','','');
INSERT INTO "Account" VALUES('Account-326','Emily','Mathews','','False','False','False','012RL000009LeYMYA0','True','','');
INSERT INTO "Account" VALUES('Account-327','Evelyn','Webb','','False','False','False','012RL000009LeYMYA0','True','','');
INSERT INTO "Account" VALUES('Account-328','Shaun','Owens','','False','False','False','012RL000009LeYMYA0','True','','');
INSERT INTO "Account" VALUES('Account-329','Diamond','Hatfield','','False','False','False','012RL000009LeYMYA0','True','','');
INSERT INTO "Account" VALUES('Account-330','Jack','Murillo','','False','False','False','012RL000009LeYMYA0','True','','');
CREATE TABLE "Account_rt_mapping" (
	record_type_id VARCHAR(18) NOT NULL, 
	developer_name VARCHAR(255), 
	is_person_type BOOLEAN, 
	PRIMARY KEY (record_type_id)
);
INSERT INTO "Account_rt_mapping" VALUES('012RL000009LeYLYA0','Business_Account',0);
INSERT INTO "Account_rt_mapping" VALUES('012RL000009LeYMYA0','PersonAccount',1);
CREATE TABLE "Competency" (
	id VARCHAR(255) NOT NULL, 
	"Name" VARCHAR(255), 
	PRIMARY KEY (id)
);
INSERT INTO "Competency" VALUES('Competency-1','Mental health nurse');
INSERT INTO "Competency" VALUES('Competency-2','Engineer, materials');
INSERT INTO "Competency" VALUES('Competency-3','Tree surgeon');
INSERT INTO "Competency" VALUES('Competency-4','Scientist, research (life sciences)');
INSERT INTO "Competency" VALUES('Competency-5','Administrator, arts');
INSERT INTO "Competency" VALUES('Competency-6','Adult guidance worker');
INSERT INTO "Competency" VALUES('Competency-7','Theatre manager');
INSERT INTO "Competency" VALUES('Competency-8','Photographer');
INSERT INTO "Competency" VALUES('Competency-9','Animal nutritionist');
INSERT INTO "Competency" VALUES('Competency-10','Lexicographer');
INSERT INTO "Competency" VALUES('Competency-11','Community pharmacist');
INSERT INTO "Competency" VALUES('Competency-12','Surveyor, insurance');
INSERT INTO "Competency" VALUES('Competency-13','Naval architect');
INSERT INTO "Competency" VALUES('Competency-14','Psychotherapist');
INSERT INTO "Competency" VALUES('Competency-15','Engineer, maintenance (IT)');
INSERT INTO "Competency" VALUES('Competency-16','Dramatherapist');
INSERT INTO "Competency" VALUES('Competency-17','Editorial assistant');
INSERT INTO "Competency" VALUES('Competency-18','Chartered certified accountant');
INSERT INTO "Competency" VALUES('Competency-19','Research scientist (physical sciences)');
INSERT INTO "Competency" VALUES('Competency-20','Chief Operating Officer');
INSERT INTO "Competency" VALUES('Competency-21','Doctor, hospital');
INSERT INTO "Competency" VALUES('Competency-22','Emergency planning/management officer');
INSERT INTO "Competency" VALUES('Competency-23','Nurse, adult');
INSERT INTO "Competency" VALUES('Competency-24','Veterinary surgeon');
INSERT INTO "Competency" VALUES('Competency-25','Immunologist');
INSERT INTO "Competency" VALUES('Competency-26','International aid/development worker');
INSERT INTO "Competency" VALUES('Competency-27','Pension scheme manager');
INSERT INTO "Competency" VALUES('Competency-28','Psychotherapist');
INSERT INTO "Competency" VALUES('Competency-29','Engineer, water');
INSERT INTO "Competency" VALUES('Competency-30','Food technologist');
INSERT INTO "Competency" VALUES('Competency-31','Economist');
INSERT INTO "Competency" VALUES('Competency-32','Lexicographer');
INSERT INTO "Competency" VALUES('Competency-33','Statistician');
INSERT INTO "Competency" VALUES('Competency-34','Restaurant manager, fast food');
INSERT INTO "Competency" VALUES('Competency-35','Fast food restaurant manager');
INSERT INTO "Competency" VALUES('Competency-36','Engineer, agricultural');
INSERT INTO "Competency" VALUES('Competency-37','Producer, radio');
INSERT INTO "Competency" VALUES('Competency-38','Public librarian');
INSERT INTO "Competency" VALUES('Competency-39','Personal assistant');
INSERT INTO "Competency" VALUES('Competency-40','Community education officer');
INSERT INTO "Competency" VALUES('Competency-41','Retail banker');
INSERT INTO "Competency" VALUES('Competency-42','Archivist');
INSERT INTO "Competency" VALUES('Competency-43','Insurance broker');
INSERT INTO "Competency" VALUES('Competency-44','Designer, interior/spatial');
INSERT INTO "Competency" VALUES('Competency-45','Consulting civil engineer');
INSERT INTO "Competency" VALUES('Competency-46','Industrial/product designer');
INSERT INTO "Competency" VALUES('Competency-47','Exhibition designer');
INSERT INTO "Competency" VALUES('Competency-48','Minerals surveyor');
INSERT INTO "Competency" VALUES('Competency-49','Hospital pharmacist');
INSERT INTO "Competency" VALUES('Competency-50','Barrister');
INSERT INTO "Competency" VALUES('Competency-51','Estate manager/land agent');
INSERT INTO "Competency" VALUES('Competency-52','Amenity horticulturist');
INSERT INTO "Competency" VALUES('Competency-53','Surveyor, quantity');
INSERT INTO "Competency" VALUES('Competency-54','Hotel manager');
INSERT INTO "Competency" VALUES('Competency-55','Theme park manager');
INSERT INTO "Competency" VALUES('Competency-56','Research scientist (medical)');
INSERT INTO "Competency" VALUES('Competency-57','Data scientist');
INSERT INTO "Competency" VALUES('Competency-58','Warehouse manager');
INSERT INTO "Competency" VALUES('Competency-59','Scientist, marine');
INSERT INTO "Competency" VALUES('Competency-60','Warehouse manager');
INSERT INTO "Competency" VALUES('Competency-61','Academic librarian');
INSERT INTO "Competency" VALUES('Competency-62','Management consultant');
INSERT INTO "Competency" VALUES('Competency-63','Programmer, multimedia');
INSERT INTO "Competency" VALUES('Competency-64','Physicist, medical');
INSERT INTO "Competency" VALUES('Competency-65','Holiday representative');
INSERT INTO "Competency" VALUES('Competency-66','Dentist');
INSERT INTO "Competency" VALUES('Competency-67','Airline pilot');
INSERT INTO "Competency" VALUES('Competency-68','Teacher, early years/pre');
INSERT INTO "Competency" VALUES('Competency-69','Research officer, trade union');
INSERT INTO "Competency" VALUES('Competency-70','Estate manager/land agent');
INSERT INTO "Competency" VALUES('Competency-71','Social researcher');
INSERT INTO "Competency" VALUES('Competency-72','Engineer, civil (consulting)');
INSERT INTO "Competency" VALUES('Competency-73','Medical physicist');
INSERT INTO "Competency" VALUES('Competency-74','Materials engineer');
INSERT INTO "Competency" VALUES('Competency-75','Engineer, civil (consulting)');
INSERT INTO "Competency" VALUES('Competency-76','Hotel manager');
INSERT INTO "Competency" VALUES('Competency-77','Leisure centre manager');
INSERT INTO "Competency" VALUES('Competency-78','Teacher, early years/pre');
INSERT INTO "Competency" VALUES('Competency-79','Theatre manager');
INSERT INTO "Competency" VALUES('Competency-80','Armed forces logistics/support/administrative officer');
INSERT INTO "Competency" VALUES('Competency-81','Technical author');
INSERT INTO "Competency" VALUES('Competency-82','Radio producer');
INSERT INTO "Competency" VALUES('Competency-83','Manufacturing systems engineer');
INSERT INTO "Competency" VALUES('Competency-84','Designer, industrial/product');
INSERT INTO "Competency" VALUES('Competency-85','Print production planner');
INSERT INTO "Competency" VALUES('Competency-86','Camera operator');
INSERT INTO "Competency" VALUES('Competency-87','Set designer');
INSERT INTO "Competency" VALUES('Competency-88','Radiographer, diagnostic');
INSERT INTO "Competency" VALUES('Competency-89','Games developer');
INSERT INTO "Competency" VALUES('Competency-90','Technical brewer');
INSERT INTO "Competency" VALUES('Competency-91','Public affairs consultant');
INSERT INTO "Competency" VALUES('Competency-92','Lecturer, higher education');
INSERT INTO "Competency" VALUES('Competency-93','Therapist, drama');
INSERT INTO "Competency" VALUES('Competency-94','Nurse, adult');
INSERT INTO "Competency" VALUES('Competency-95','Medical secretary');
INSERT INTO "Competency" VALUES('Competency-96','Television camera operator');
INSERT INTO "Competency" VALUES('Competency-97','Careers adviser');
INSERT INTO "Competency" VALUES('Competency-98','Conservator, furniture');
INSERT INTO "Competency" VALUES('Competency-99','Nurse, children''s');
INSERT INTO "Competency" VALUES('Competency-100','Chiropodist');
INSERT INTO "Competency" VALUES('Competency-101','Solicitor, Scotland');
INSERT INTO "Competency" VALUES('Competency-102','Environmental education officer');
INSERT INTO "Competency" VALUES('Competency-103','Editor, film/video');
INSERT INTO "Competency" VALUES('Competency-104','Quality manager');
INSERT INTO "Competency" VALUES('Competency-105','Animator');
INSERT INTO "Competency" VALUES('Competency-106','Speech and language therapist');
INSERT INTO "Competency" VALUES('Competency-107','Development worker, community');
INSERT INTO "Competency" VALUES('Competency-108','Corporate treasurer');
INSERT INTO "Competency" VALUES('Competency-109','Printmaker');
INSERT INTO "Competency" VALUES('Competency-110','Environmental manager');
INSERT INTO "Competency" VALUES('Competency-111','Historic buildings inspector/conservation officer');
INSERT INTO "Competency" VALUES('Competency-112','Dealer');
INSERT INTO "Competency" VALUES('Competency-113','Seismic interpreter');
INSERT INTO "Competency" VALUES('Competency-114','Claims inspector/assessor');
INSERT INTO "Competency" VALUES('Competency-115','Midwife');
INSERT INTO "Competency" VALUES('Competency-116','Further education lecturer');
INSERT INTO "Competency" VALUES('Competency-117','Multimedia specialist');
INSERT INTO "Competency" VALUES('Competency-118','Teacher, English as a foreign language');
INSERT INTO "Competency" VALUES('Competency-119','Emergency planning/management officer');
INSERT INTO "Competency" VALUES('Competency-120','Cytogeneticist');
INSERT INTO "Competency" VALUES('Competency-121','Catering manager');
INSERT INTO "Competency" VALUES('Competency-122','Air traffic controller');
INSERT INTO "Competency" VALUES('Competency-123','Aid worker');
INSERT INTO "Competency" VALUES('Competency-124','Forensic psychologist');
INSERT INTO "Competency" VALUES('Competency-125','Careers adviser');
INSERT INTO "Competency" VALUES('Competency-126','Telecommunications researcher');
INSERT INTO "Competency" VALUES('Competency-127','Editor, film/video');
INSERT INTO "Competency" VALUES('Competency-128','Barrister');
INSERT INTO "Competency" VALUES('Competency-129','Web designer');
INSERT INTO "Competency" VALUES('Competency-130','Psychotherapist, child');
INSERT INTO "Competency" VALUES('Competency-131','Health and safety inspector');
INSERT INTO "Competency" VALUES('Competency-132','Trading standards officer');
INSERT INTO "Competency" VALUES('Competency-133','Designer, industrial/product');
INSERT INTO "Competency" VALUES('Competency-134','IT consultant');
INSERT INTO "Competency" VALUES('Competency-135','Customer service manager');
INSERT INTO "Competency" VALUES('Competency-136','Designer, blown glass/stained glass');
INSERT INTO "Competency" VALUES('Competency-137','Industrial/product designer');
INSERT INTO "Competency" VALUES('Competency-138','Therapeutic radiographer');
INSERT INTO "Competency" VALUES('Competency-139','Hospital doctor');
INSERT INTO "Competency" VALUES('Competency-140','Engineer, maintenance (IT)');
CREATE TABLE "JobPosition" (
	id VARCHAR(255) NOT NULL, 
	"Name" VARCHAR(255), 
	"Title" VARCHAR(255), 
	"LocationId" VARCHAR(255), 
	"ManagerId" VARCHAR(255), 
	"PositionId" VARCHAR(255), 
	"VolunteerInitiativeId" VARCHAR(255), 
	PRIMARY KEY (id)
);
INSERT INTO "JobPosition" VALUES('JobPosition-1','Purchasing manager','Purchasing manager','','','Position-12','VolunteerInitiative-6');
INSERT INTO "JobPosition" VALUES('JobPosition-2','Call centre manager','Call centre manager','','','Position-12','VolunteerInitiative-6');
INSERT INTO "JobPosition" VALUES('JobPosition-3','Designer, fashion/clothing','Designer, fashion/clothing','','','Position-12','VolunteerInitiative-6');
INSERT INTO "JobPosition" VALUES('JobPosition-4','Chief Technology Officer','Chief Technology Officer','','','Position-12','VolunteerInitiative-6');
INSERT INTO "JobPosition" VALUES('JobPosition-5','Nutritional therapist','Nutritional therapist','','','Position-12','VolunteerInitiative-6');
INSERT INTO "JobPosition" VALUES('JobPosition-6','Acupuncturist','Acupuncturist','','','Position-12','VolunteerInitiative-6');
INSERT INTO "JobPosition" VALUES('JobPosition-7','Textile designer','Textile designer','','','Position-12','VolunteerInitiative-6');
INSERT INTO "JobPosition" VALUES('JobPosition-8','Dietitian','Dietitian','','','Position-12','VolunteerInitiative-6');
INSERT INTO "JobPosition" VALUES('JobPosition-9','Land/geomatics surveyor','Land/geomatics surveyor','','','Position-12','VolunteerInitiative-6');
INSERT INTO "JobPosition" VALUES('JobPosition-10','Energy manager','Energy manager','','','Position-12','VolunteerInitiative-6');
INSERT INTO "JobPosition" VALUES('JobPosition-11','Armed forces operational officer','Armed forces operational officer','','','Position-12','VolunteerInitiative-6');
INSERT INTO "JobPosition" VALUES('JobPosition-12','Research officer, political party','Research officer, political party','','','Position-12','VolunteerInitiative-6');
INSERT INTO "JobPosition" VALUES('JobPosition-13','Chief Operating Officer','Chief Operating Officer','','','Position-12','VolunteerInitiative-6');
INSERT INTO "JobPosition" VALUES('JobPosition-14','Museum education officer','Museum education officer','','','Position-12','VolunteerInitiative-6');
INSERT INTO "JobPosition" VALUES('JobPosition-15','Commercial/residential surveyor','Commercial/residential surveyor','','','Position-12','VolunteerInitiative-6');
INSERT INTO "JobPosition" VALUES('JobPosition-16','Geoscientist','Geoscientist','','','Position-24','VolunteerInitiative-12');
INSERT INTO "JobPosition" VALUES('JobPosition-17','Sales professional, IT','Sales professional, IT','','','Position-24','VolunteerInitiative-12');
INSERT INTO "JobPosition" VALUES('JobPosition-18','IT trainer','IT trainer','','','Position-24','VolunteerInitiative-12');
INSERT INTO "JobPosition" VALUES('JobPosition-19','Systems developer','Systems developer','','','Position-24','VolunteerInitiative-12');
INSERT INTO "JobPosition" VALUES('JobPosition-20','Industrial buyer','Industrial buyer','','','Position-24','VolunteerInitiative-12');
INSERT INTO "JobPosition" VALUES('JobPosition-21','Medical illustrator','Medical illustrator','','','Position-24','VolunteerInitiative-12');
INSERT INTO "JobPosition" VALUES('JobPosition-22','Photographer','Photographer','','','Position-24','VolunteerInitiative-12');
INSERT INTO "JobPosition" VALUES('JobPosition-23','Community education officer','Community education officer','','','Position-24','VolunteerInitiative-12');
INSERT INTO "JobPosition" VALUES('JobPosition-24','Lobbyist','Lobbyist','','','Position-24','VolunteerInitiative-12');
INSERT INTO "JobPosition" VALUES('JobPosition-25','Heritage manager','Heritage manager','','','Position-24','VolunteerInitiative-12');
INSERT INTO "JobPosition" VALUES('JobPosition-26','Restaurant manager','Restaurant manager','','','Position-24','VolunteerInitiative-12');
INSERT INTO "JobPosition" VALUES('JobPosition-27','Scientist, research (life sciences)','Scientist, research (life sciences)','','','Position-24','VolunteerInitiative-12');
INSERT INTO "JobPosition" VALUES('JobPosition-28','Fish farm manager','Fish farm manager','','','Position-24','VolunteerInitiative-12');
INSERT INTO "JobPosition" VALUES('JobPosition-29','Chartered management accountant','Chartered management accountant','','','Position-24','VolunteerInitiative-12');
INSERT INTO "JobPosition" VALUES('JobPosition-30','Dispensing optician','Dispensing optician','','','Position-24','VolunteerInitiative-12');
INSERT INTO "JobPosition" VALUES('JobPosition-31','Scientist, biomedical','Scientist, biomedical','','','Position-36','VolunteerInitiative-18');
INSERT INTO "JobPosition" VALUES('JobPosition-32','Psychiatrist','Psychiatrist','','','Position-36','VolunteerInitiative-18');
INSERT INTO "JobPosition" VALUES('JobPosition-33','Artist','Artist','','','Position-36','VolunteerInitiative-18');
INSERT INTO "JobPosition" VALUES('JobPosition-34','Careers adviser','Careers adviser','','','Position-36','VolunteerInitiative-18');
INSERT INTO "JobPosition" VALUES('JobPosition-35','Dancer','Dancer','','','Position-36','VolunteerInitiative-18');
INSERT INTO "JobPosition" VALUES('JobPosition-36','Leisure centre manager','Leisure centre manager','','','Position-36','VolunteerInitiative-18');
INSERT INTO "JobPosition" VALUES('JobPosition-37','Furniture conservator/restorer','Furniture conservator/restorer','','','Position-36','VolunteerInitiative-18');
INSERT INTO "JobPosition" VALUES('JobPosition-38','Art therapist','Art therapist','','','Position-36','VolunteerInitiative-18');
INSERT INTO "JobPosition" VALUES('JobPosition-39','Event organiser','Event organiser','','','Position-36','VolunteerInitiative-18');
INSERT INTO "JobPosition" VALUES('JobPosition-40','Naval architect','Naval architect','','','Position-36','VolunteerInitiative-18');
INSERT INTO "JobPosition" VALUES('JobPosition-41','Communications engineer','Communications engineer','','','Position-36','VolunteerInitiative-18');
INSERT INTO "JobPosition" VALUES('JobPosition-42','Insurance broker','Insurance broker','','','Position-36','VolunteerInitiative-18');
INSERT INTO "JobPosition" VALUES('JobPosition-43','Civil Service fast streamer','Civil Service fast streamer','','','Position-36','VolunteerInitiative-18');
INSERT INTO "JobPosition" VALUES('JobPosition-44','Administrator, Civil Service','Administrator, Civil Service','','','Position-36','VolunteerInitiative-18');
INSERT INTO "JobPosition" VALUES('JobPosition-45','Editor, film/video','Editor, film/video','','','Position-36','VolunteerInitiative-18');
INSERT INTO "JobPosition" VALUES('JobPosition-46','Dispensing optician','Dispensing optician','','','Position-48','VolunteerInitiative-24');
INSERT INTO "JobPosition" VALUES('JobPosition-47','Water engineer','Water engineer','','','Position-48','VolunteerInitiative-24');
INSERT INTO "JobPosition" VALUES('JobPosition-48','Scientist, audiological','Scientist, audiological','','','Position-48','VolunteerInitiative-24');
INSERT INTO "JobPosition" VALUES('JobPosition-49','Psychologist, prison and probation services','Psychologist, prison and probation services','','','Position-48','VolunteerInitiative-24');
INSERT INTO "JobPosition" VALUES('JobPosition-50','Designer, furniture','Designer, furniture','','','Position-48','VolunteerInitiative-24');
INSERT INTO "JobPosition" VALUES('JobPosition-51','Engineer, civil (consulting)','Engineer, civil (consulting)','','','Position-48','VolunteerInitiative-24');
INSERT INTO "JobPosition" VALUES('JobPosition-52','Hospital pharmacist','Hospital pharmacist','','','Position-48','VolunteerInitiative-24');
INSERT INTO "JobPosition" VALUES('JobPosition-53','Customer service manager','Customer service manager','','','Position-48','VolunteerInitiative-24');
INSERT INTO "JobPosition" VALUES('JobPosition-54','Best boy','Best boy','','','Position-48','VolunteerInitiative-24');
INSERT INTO "JobPosition" VALUES('JobPosition-55','Ophthalmologist','Ophthalmologist','','','Position-48','VolunteerInitiative-24');
INSERT INTO "JobPosition" VALUES('JobPosition-56','Clothing/textile technologist','Clothing/textile technologist','','','Position-48','VolunteerInitiative-24');
INSERT INTO "JobPosition" VALUES('JobPosition-57','Communications engineer','Communications engineer','','','Position-48','VolunteerInitiative-24');
INSERT INTO "JobPosition" VALUES('JobPosition-58','Scientist, research (life sciences)','Scientist, research (life sciences)','','','Position-48','VolunteerInitiative-24');
INSERT INTO "JobPosition" VALUES('JobPosition-59','Engineer, civil (consulting)','Engineer, civil (consulting)','','','Position-48','VolunteerInitiative-24');
INSERT INTO "JobPosition" VALUES('JobPosition-60','Engineer, drilling','Engineer, drilling','','','Position-48','VolunteerInitiative-24');
INSERT INTO "JobPosition" VALUES('JobPosition-61','Publishing copy','Publishing copy','','','Position-60','VolunteerInitiative-30');
INSERT INTO "JobPosition" VALUES('JobPosition-62','Chief Operating Officer','Chief Operating Officer','','','Position-60','VolunteerInitiative-30');
INSERT INTO "JobPosition" VALUES('JobPosition-63','Health physicist','Health physicist','','','Position-60','VolunteerInitiative-30');
INSERT INTO "JobPosition" VALUES('JobPosition-64','Equality and diversity officer','Equality and diversity officer','','','Position-60','VolunteerInitiative-30');
INSERT INTO "JobPosition" VALUES('JobPosition-65','Patent examiner','Patent examiner','','','Position-60','VolunteerInitiative-30');
INSERT INTO "JobPosition" VALUES('JobPosition-66','Print production planner','Print production planner','','','Position-60','VolunteerInitiative-30');
INSERT INTO "JobPosition" VALUES('JobPosition-67','Librarian, academic','Librarian, academic','','','Position-60','VolunteerInitiative-30');
INSERT INTO "JobPosition" VALUES('JobPosition-68','Therapist, occupational','Therapist, occupational','','','Position-60','VolunteerInitiative-30');
INSERT INTO "JobPosition" VALUES('JobPosition-69','Barista','Barista','','','Position-60','VolunteerInitiative-30');
INSERT INTO "JobPosition" VALUES('JobPosition-70','Technical author','Technical author','','','Position-60','VolunteerInitiative-30');
INSERT INTO "JobPosition" VALUES('JobPosition-71','Town planner','Town planner','','','Position-60','VolunteerInitiative-30');
INSERT INTO "JobPosition" VALUES('JobPosition-72','Engineer, maintenance (IT)','Engineer, maintenance (IT)','','','Position-60','VolunteerInitiative-30');
INSERT INTO "JobPosition" VALUES('JobPosition-73','Analytical chemist','Analytical chemist','','','Position-60','VolunteerInitiative-30');
INSERT INTO "JobPosition" VALUES('JobPosition-74','Radio producer','Radio producer','','','Position-60','VolunteerInitiative-30');
INSERT INTO "JobPosition" VALUES('JobPosition-75','Heritage manager','Heritage manager','','','Position-60','VolunteerInitiative-30');
INSERT INTO "JobPosition" VALUES('JobPosition-76','Higher education lecturer','Higher education lecturer','','','Position-72','VolunteerInitiative-36');
INSERT INTO "JobPosition" VALUES('JobPosition-77','Financial risk analyst','Financial risk analyst','','','Position-72','VolunteerInitiative-36');
INSERT INTO "JobPosition" VALUES('JobPosition-78','Historic buildings inspector/conservation officer','Historic buildings inspector/conservation officer','','','Position-72','VolunteerInitiative-36');
INSERT INTO "JobPosition" VALUES('JobPosition-79','Warehouse manager','Warehouse manager','','','Position-72','VolunteerInitiative-36');
INSERT INTO "JobPosition" VALUES('JobPosition-80','Curator','Curator','','','Position-72','VolunteerInitiative-36');
INSERT INTO "JobPosition" VALUES('JobPosition-81','Nurse, adult','Nurse, adult','','','Position-72','VolunteerInitiative-36');
INSERT INTO "JobPosition" VALUES('JobPosition-82','Producer, radio','Producer, radio','','','Position-72','VolunteerInitiative-36');
INSERT INTO "JobPosition" VALUES('JobPosition-83','Operations geologist','Operations geologist','','','Position-72','VolunteerInitiative-36');
INSERT INTO "JobPosition" VALUES('JobPosition-84','Paramedic','Paramedic','','','Position-72','VolunteerInitiative-36');
INSERT INTO "JobPosition" VALUES('JobPosition-85','Chief Marketing Officer','Chief Marketing Officer','','','Position-72','VolunteerInitiative-36');
INSERT INTO "JobPosition" VALUES('JobPosition-86','Conservator, museum/gallery','Conservator, museum/gallery','','','Position-72','VolunteerInitiative-36');
INSERT INTO "JobPosition" VALUES('JobPosition-87','Commercial/residential surveyor','Commercial/residential surveyor','','','Position-72','VolunteerInitiative-36');
INSERT INTO "JobPosition" VALUES('JobPosition-88','Medical physicist','Medical physicist','','','Position-72','VolunteerInitiative-36');
INSERT INTO "JobPosition" VALUES('JobPosition-89','Veterinary surgeon','Veterinary surgeon','','','Position-72','VolunteerInitiative-36');
INSERT INTO "JobPosition" VALUES('JobPosition-90','Nutritional therapist','Nutritional therapist','','','Position-72','VolunteerInitiative-36');
INSERT INTO "JobPosition" VALUES('JobPosition-91','Conservator, museum/gallery','Conservator, museum/gallery','','','Position-84','VolunteerInitiative-42');
INSERT INTO "JobPosition" VALUES('JobPosition-92','Scientist, biomedical','Scientist, biomedical','','','Position-84','VolunteerInitiative-42');
INSERT INTO "JobPosition" VALUES('JobPosition-93','TEFL teacher','TEFL teacher','','','Position-84','VolunteerInitiative-42');
INSERT INTO "JobPosition" VALUES('JobPosition-94','Newspaper journalist','Newspaper journalist','','','Position-84','VolunteerInitiative-42');
INSERT INTO "JobPosition" VALUES('JobPosition-95','Engineer, automotive','Engineer, automotive','','','Position-84','VolunteerInitiative-42');
INSERT INTO "JobPosition" VALUES('JobPosition-96','Chief Executive Officer','Chief Executive Officer','','','Position-84','VolunteerInitiative-42');
INSERT INTO "JobPosition" VALUES('JobPosition-97','Gaffer','Gaffer','','','Position-84','VolunteerInitiative-42');
INSERT INTO "JobPosition" VALUES('JobPosition-98','Management consultant','Management consultant','','','Position-84','VolunteerInitiative-42');
INSERT INTO "JobPosition" VALUES('JobPosition-99','Optician, dispensing','Optician, dispensing','','','Position-84','VolunteerInitiative-42');
INSERT INTO "JobPosition" VALUES('JobPosition-100','Education officer, environmental','Education officer, environmental','','','Position-84','VolunteerInitiative-42');
INSERT INTO "JobPosition" VALUES('JobPosition-101','Administrator, education','Administrator, education','','','Position-84','VolunteerInitiative-42');
INSERT INTO "JobPosition" VALUES('JobPosition-102','Surveyor, rural practice','Surveyor, rural practice','','','Position-84','VolunteerInitiative-42');
INSERT INTO "JobPosition" VALUES('JobPosition-103','Theme park manager','Theme park manager','','','Position-84','VolunteerInitiative-42');
INSERT INTO "JobPosition" VALUES('JobPosition-104','Race relations officer','Race relations officer','','','Position-84','VolunteerInitiative-42');
INSERT INTO "JobPosition" VALUES('JobPosition-105','Accountant, chartered certified','Accountant, chartered certified','','','Position-84','VolunteerInitiative-42');
INSERT INTO "JobPosition" VALUES('JobPosition-106','Electronics engineer','Electronics engineer','','','Position-132','VolunteerInitiative-66');
INSERT INTO "JobPosition" VALUES('JobPosition-107','Restaurant manager, fast food','Restaurant manager, fast food','','','Position-132','VolunteerInitiative-66');
INSERT INTO "JobPosition" VALUES('JobPosition-108','Professor Emeritus','Professor Emeritus','','','Position-132','VolunteerInitiative-66');
INSERT INTO "JobPosition" VALUES('JobPosition-109','Colour technologist','Colour technologist','','','Position-132','VolunteerInitiative-66');
INSERT INTO "JobPosition" VALUES('JobPosition-110','Restaurant manager, fast food','Restaurant manager, fast food','','','Position-132','VolunteerInitiative-66');
INSERT INTO "JobPosition" VALUES('JobPosition-111','Scientist, research (life sciences)','Scientist, research (life sciences)','','','Position-132','VolunteerInitiative-66');
INSERT INTO "JobPosition" VALUES('JobPosition-112','Race relations officer','Race relations officer','','','Position-132','VolunteerInitiative-66');
INSERT INTO "JobPosition" VALUES('JobPosition-113','Paramedic','Paramedic','','','Position-132','VolunteerInitiative-66');
INSERT INTO "JobPosition" VALUES('JobPosition-114','Production assistant, radio','Production assistant, radio','','','Position-132','VolunteerInitiative-66');
INSERT INTO "JobPosition" VALUES('JobPosition-115','Insurance broker','Insurance broker','','','Position-132','VolunteerInitiative-66');
INSERT INTO "JobPosition" VALUES('JobPosition-116','Textile designer','Textile designer','','','Position-132','VolunteerInitiative-66');
INSERT INTO "JobPosition" VALUES('JobPosition-117','Administrator','Administrator','','','Position-132','VolunteerInitiative-66');
INSERT INTO "JobPosition" VALUES('JobPosition-118','Engineer, land','Engineer, land','','','Position-132','VolunteerInitiative-66');
INSERT INTO "JobPosition" VALUES('JobPosition-119','Product manager','Product manager','','','Position-132','VolunteerInitiative-66');
INSERT INTO "JobPosition" VALUES('JobPosition-120','Geologist, wellsite','Geologist, wellsite','','','Position-132','VolunteerInitiative-66');
CREATE TABLE "JobPositionAssignment" (
	id VARCHAR(255) NOT NULL, 
	"Status" VARCHAR(255), 
	"AssignedAccountId" VARCHAR(255), 
	"AssignedPositionShiftId" VARCHAR(255), 
	"JobPositionId" VARCHAR(255), 
	"RelatedVolunteerInitiativeId" VARCHAR(255), 
	PRIMARY KEY (id)
);
INSERT INTO "JobPositionAssignment" VALUES('JobPositionAssignment-1','Absent','Account-240','JobPositionShift-97','JobPosition-45','');
INSERT INTO "JobPositionAssignment" VALUES('JobPositionAssignment-2','Absent','Account-240','JobPositionShift-97','JobPosition-45','');
INSERT INTO "JobPositionAssignment" VALUES('JobPositionAssignment-3','Complete','Account-240','JobPositionShift-97','JobPosition-45','');
INSERT INTO "JobPositionAssignment" VALUES('JobPositionAssignment-4','Awaiting Approval','Account-240','JobPositionShift-97','JobPosition-45','');
INSERT INTO "JobPositionAssignment" VALUES('JobPositionAssignment-5','Complete','Account-240','JobPositionShift-97','JobPosition-45','');
INSERT INTO "JobPositionAssignment" VALUES('JobPositionAssignment-6','Canceled','Account-240','JobPositionShift-97','JobPosition-45','');
INSERT INTO "JobPositionAssignment" VALUES('JobPositionAssignment-7','Complete','Account-240','JobPositionShift-97','JobPosition-45','');
INSERT INTO "JobPositionAssignment" VALUES('JobPositionAssignment-8','Canceled','Account-240','JobPositionShift-97','JobPosition-45','');
INSERT INTO "JobPositionAssignment" VALUES('JobPositionAssignment-9','Awaiting Approval','Account-240','JobPositionShift-97','JobPosition-45','');
INSERT INTO "JobPositionAssignment" VALUES('JobPositionAssignment-10','In Progress','Account-240','JobPositionShift-97','JobPosition-45','');
INSERT INTO "JobPositionAssignment" VALUES('JobPositionAssignment-11','Awaiting Approval','Account-240','JobPositionShift-97','JobPosition-45','');
INSERT INTO "JobPositionAssignment" VALUES('JobPositionAssignment-12','Pending Verification','Account-240','JobPositionShift-97','JobPosition-45','');
INSERT INTO "JobPositionAssignment" VALUES('JobPositionAssignment-13','Pending Verification','Account-240','JobPositionShift-97','JobPosition-45','');
INSERT INTO "JobPositionAssignment" VALUES('JobPositionAssignment-14','In Progress','Account-240','JobPositionShift-97','JobPosition-45','');
INSERT INTO "JobPositionAssignment" VALUES('JobPositionAssignment-15','Absent','Account-240','JobPositionShift-97','JobPosition-45','');
INSERT INTO "JobPositionAssignment" VALUES('JobPositionAssignment-16','Canceled','Account-240','JobPositionShift-97','JobPosition-45','');
INSERT INTO "JobPositionAssignment" VALUES('JobPositionAssignment-17','Pending Verification','Account-240','JobPositionShift-97','JobPosition-45','');
INSERT INTO "JobPositionAssignment" VALUES('JobPositionAssignment-18','Absent','Account-240','JobPositionShift-97','JobPosition-45','');
INSERT INTO "JobPositionAssignment" VALUES('JobPositionAssignment-19','Absent','Account-240','JobPositionShift-97','JobPosition-45','');
INSERT INTO "JobPositionAssignment" VALUES('JobPositionAssignment-20','Absent','Account-240','JobPositionShift-97','JobPosition-45','');
INSERT INTO "JobPositionAssignment" VALUES('JobPositionAssignment-21','Complete','Account-240','JobPositionShift-97','JobPosition-45','');
INSERT INTO "JobPositionAssignment" VALUES('JobPositionAssignment-22','Upcoming','Account-240','JobPositionShift-97','JobPosition-45','');
INSERT INTO "JobPositionAssignment" VALUES('JobPositionAssignment-23','Absent','Account-240','JobPositionShift-97','JobPosition-45','');
INSERT INTO "JobPositionAssignment" VALUES('JobPositionAssignment-24','Complete','Account-240','JobPositionShift-97','JobPosition-45','');
INSERT INTO "JobPositionAssignment" VALUES('JobPositionAssignment-25','Canceled','Account-240','JobPositionShift-97','JobPosition-45','');
INSERT INTO "JobPositionAssignment" VALUES('JobPositionAssignment-26','Pending Verification','Account-240','JobPositionShift-97','JobPosition-45','');
INSERT INTO "JobPositionAssignment" VALUES('JobPositionAssignment-27','Awaiting Approval','Account-240','JobPositionShift-97','JobPosition-45','');
INSERT INTO "JobPositionAssignment" VALUES('JobPositionAssignment-28','Canceled','Account-240','JobPositionShift-97','JobPosition-45','');
INSERT INTO "JobPositionAssignment" VALUES('JobPositionAssignment-29','Upcoming','Account-240','JobPositionShift-97','JobPosition-45','');
INSERT INTO "JobPositionAssignment" VALUES('JobPositionAssignment-30','Upcoming','Account-240','JobPositionShift-97','JobPosition-45','');
INSERT INTO "JobPositionAssignment" VALUES('JobPositionAssignment-31','Absent','Account-240','JobPositionShift-97','JobPosition-45','');
INSERT INTO "JobPositionAssignment" VALUES('JobPositionAssignment-32','Awaiting Approval','Account-240','JobPositionShift-97','JobPosition-45','');
INSERT INTO "JobPositionAssignment" VALUES('JobPositionAssignment-33','Pending Verification','Account-240','JobPositionShift-97','JobPosition-45','');
INSERT INTO "JobPositionAssignment" VALUES('JobPositionAssignment-34','Canceled','Account-240','JobPositionShift-97','JobPosition-45','');
INSERT INTO "JobPositionAssignment" VALUES('JobPositionAssignment-35','Absent','Account-240','JobPositionShift-97','JobPosition-45','');
INSERT INTO "JobPositionAssignment" VALUES('JobPositionAssignment-36','Absent','Account-240','JobPositionShift-97','JobPosition-45','');
INSERT INTO "JobPositionAssignment" VALUES('JobPositionAssignment-37','Upcoming','Account-240','JobPositionShift-97','JobPosition-45','');
INSERT INTO "JobPositionAssignment" VALUES('JobPositionAssignment-38','Canceled','Account-240','JobPositionShift-97','JobPosition-45','');
INSERT INTO "JobPositionAssignment" VALUES('JobPositionAssignment-39','Upcoming','Account-240','JobPositionShift-97','JobPosition-45','');
INSERT INTO "JobPositionAssignment" VALUES('JobPositionAssignment-40','Awaiting Approval','Account-240','JobPositionShift-97','JobPosition-45','');
INSERT INTO "JobPositionAssignment" VALUES('JobPositionAssignment-41','Pending Verification','Account-240','JobPositionShift-97','JobPosition-45','');
INSERT INTO "JobPositionAssignment" VALUES('JobPositionAssignment-42','In Progress','Account-240','JobPositionShift-97','JobPosition-45','');
INSERT INTO "JobPositionAssignment" VALUES('JobPositionAssignment-43','Awaiting Approval','Account-240','JobPositionShift-97','JobPosition-45','');
INSERT INTO "JobPositionAssignment" VALUES('JobPositionAssignment-44','Complete','Account-240','JobPositionShift-97','JobPosition-45','');
INSERT INTO "JobPositionAssignment" VALUES('JobPositionAssignment-45','Complete','Account-240','JobPositionShift-97','JobPosition-45','');
INSERT INTO "JobPositionAssignment" VALUES('JobPositionAssignment-46','Upcoming','Account-240','JobPositionShift-97','JobPosition-45','');
INSERT INTO "JobPositionAssignment" VALUES('JobPositionAssignment-47','Absent','Account-240','JobPositionShift-97','JobPosition-45','');
INSERT INTO "JobPositionAssignment" VALUES('JobPositionAssignment-48','Canceled','Account-240','JobPositionShift-97','JobPosition-45','');
INSERT INTO "JobPositionAssignment" VALUES('JobPositionAssignment-49','Upcoming','Account-240','JobPositionShift-97','JobPosition-45','');
INSERT INTO "JobPositionAssignment" VALUES('JobPositionAssignment-50','Upcoming','Account-240','JobPositionShift-97','JobPosition-45','');
INSERT INTO "JobPositionAssignment" VALUES('JobPositionAssignment-51','Upcoming','Account-240','JobPositionShift-97','JobPosition-45','');
INSERT INTO "JobPositionAssignment" VALUES('JobPositionAssignment-52','Awaiting Approval','Account-240','JobPositionShift-97','JobPosition-45','');
INSERT INTO "JobPositionAssignment" VALUES('JobPositionAssignment-53','Upcoming','Account-240','JobPositionShift-97','JobPosition-45','');
INSERT INTO "JobPositionAssignment" VALUES('JobPositionAssignment-54','Upcoming','Account-240','JobPositionShift-97','JobPosition-45','');
INSERT INTO "JobPositionAssignment" VALUES('JobPositionAssignment-55','Pending Verification','Account-240','JobPositionShift-97','JobPosition-45','');
INSERT INTO "JobPositionAssignment" VALUES('JobPositionAssignment-56','Absent','Account-240','JobPositionShift-97','JobPosition-45','');
INSERT INTO "JobPositionAssignment" VALUES('JobPositionAssignment-57','Pending Verification','Account-240','JobPositionShift-97','JobPosition-45','');
INSERT INTO "JobPositionAssignment" VALUES('JobPositionAssignment-58','Upcoming','Account-240','JobPositionShift-97','JobPosition-45','');
INSERT INTO "JobPositionAssignment" VALUES('JobPositionAssignment-59','Absent','Account-240','JobPositionShift-97','JobPosition-45','');
INSERT INTO "JobPositionAssignment" VALUES('JobPositionAssignment-60','Canceled','Account-240','JobPositionShift-97','JobPosition-45','');
INSERT INTO "JobPositionAssignment" VALUES('JobPositionAssignment-61','Awaiting Approval','Account-240','JobPositionShift-97','JobPosition-45','');
INSERT INTO "JobPositionAssignment" VALUES('JobPositionAssignment-62','Pending Verification','Account-240','JobPositionShift-97','JobPosition-45','');
INSERT INTO "JobPositionAssignment" VALUES('JobPositionAssignment-63','In Progress','Account-240','JobPositionShift-97','JobPosition-45','');
INSERT INTO "JobPositionAssignment" VALUES('JobPositionAssignment-64','Absent','Account-240','JobPositionShift-97','JobPosition-45','');
INSERT INTO "JobPositionAssignment" VALUES('JobPositionAssignment-65','Upcoming','Account-240','JobPositionShift-97','JobPosition-45','');
INSERT INTO "JobPositionAssignment" VALUES('JobPositionAssignment-66','Upcoming','Account-240','JobPositionShift-97','JobPosition-45','');
INSERT INTO "JobPositionAssignment" VALUES('JobPositionAssignment-67','In Progress','Account-240','JobPositionShift-97','JobPosition-45','');
INSERT INTO "JobPositionAssignment" VALUES('JobPositionAssignment-68','Awaiting Approval','Account-240','JobPositionShift-97','JobPosition-45','');
INSERT INTO "JobPositionAssignment" VALUES('JobPositionAssignment-69','Canceled','Account-240','JobPositionShift-97','JobPosition-45','');
INSERT INTO "JobPositionAssignment" VALUES('JobPositionAssignment-70','Complete','Account-240','JobPositionShift-97','JobPosition-45','');
INSERT INTO "JobPositionAssignment" VALUES('JobPositionAssignment-71','Upcoming','Account-240','JobPositionShift-97','JobPosition-45','');
INSERT INTO "JobPositionAssignment" VALUES('JobPositionAssignment-72','Absent','Account-240','JobPositionShift-97','JobPosition-45','');
INSERT INTO "JobPositionAssignment" VALUES('JobPositionAssignment-73','Canceled','Account-240','JobPositionShift-97','JobPosition-45','');
INSERT INTO "JobPositionAssignment" VALUES('JobPositionAssignment-74','In Progress','Account-240','JobPositionShift-97','JobPosition-45','');
INSERT INTO "JobPositionAssignment" VALUES('JobPositionAssignment-75','Awaiting Approval','Account-240','JobPositionShift-97','JobPosition-45','');
INSERT INTO "JobPositionAssignment" VALUES('JobPositionAssignment-76','Absent','Account-300','JobPositionShift-177','JobPosition-75','');
INSERT INTO "JobPositionAssignment" VALUES('JobPositionAssignment-77','Upcoming','Account-300','JobPositionShift-177','JobPosition-75','');
INSERT INTO "JobPositionAssignment" VALUES('JobPositionAssignment-78','Canceled','Account-300','JobPositionShift-177','JobPosition-75','');
INSERT INTO "JobPositionAssignment" VALUES('JobPositionAssignment-79','Complete','Account-300','JobPositionShift-177','JobPosition-75','');
INSERT INTO "JobPositionAssignment" VALUES('JobPositionAssignment-80','Awaiting Approval','Account-300','JobPositionShift-177','JobPosition-75','');
INSERT INTO "JobPositionAssignment" VALUES('JobPositionAssignment-81','Absent','Account-300','JobPositionShift-177','JobPosition-75','');
INSERT INTO "JobPositionAssignment" VALUES('JobPositionAssignment-82','Upcoming','Account-300','JobPositionShift-177','JobPosition-75','');
INSERT INTO "JobPositionAssignment" VALUES('JobPositionAssignment-83','Canceled','Account-300','JobPositionShift-177','JobPosition-75','');
INSERT INTO "JobPositionAssignment" VALUES('JobPositionAssignment-84','Absent','Account-300','JobPositionShift-177','JobPosition-75','');
INSERT INTO "JobPositionAssignment" VALUES('JobPositionAssignment-85','Upcoming','Account-300','JobPositionShift-177','JobPosition-75','');
INSERT INTO "JobPositionAssignment" VALUES('JobPositionAssignment-86','In Progress','Account-300','JobPositionShift-177','JobPosition-75','');
INSERT INTO "JobPositionAssignment" VALUES('JobPositionAssignment-87','Awaiting Approval','Account-300','JobPositionShift-177','JobPosition-75','');
INSERT INTO "JobPositionAssignment" VALUES('JobPositionAssignment-88','Canceled','Account-300','JobPositionShift-177','JobPosition-75','');
INSERT INTO "JobPositionAssignment" VALUES('JobPositionAssignment-89','Upcoming','Account-300','JobPositionShift-177','JobPosition-75','');
INSERT INTO "JobPositionAssignment" VALUES('JobPositionAssignment-90','Canceled','Account-300','JobPositionShift-177','JobPosition-75','');
INSERT INTO "JobPositionAssignment" VALUES('JobPositionAssignment-91','In Progress','Account-300','JobPositionShift-177','JobPosition-75','');
INSERT INTO "JobPositionAssignment" VALUES('JobPositionAssignment-92','Pending Verification','Account-300','JobPositionShift-177','JobPosition-75','');
INSERT INTO "JobPositionAssignment" VALUES('JobPositionAssignment-93','Upcoming','Account-300','JobPositionShift-177','JobPosition-75','');
INSERT INTO "JobPositionAssignment" VALUES('JobPositionAssignment-94','Awaiting Approval','Account-300','JobPositionShift-177','JobPosition-75','');
INSERT INTO "JobPositionAssignment" VALUES('JobPositionAssignment-95','Pending Verification','Account-300','JobPositionShift-177','JobPosition-75','');
INSERT INTO "JobPositionAssignment" VALUES('JobPositionAssignment-96','Absent','Account-300','JobPositionShift-177','JobPosition-75','');
INSERT INTO "JobPositionAssignment" VALUES('JobPositionAssignment-97','Absent','Account-300','JobPositionShift-177','JobPosition-75','');
INSERT INTO "JobPositionAssignment" VALUES('JobPositionAssignment-98','In Progress','Account-300','JobPositionShift-177','JobPosition-75','');
INSERT INTO "JobPositionAssignment" VALUES('JobPositionAssignment-99','Absent','Account-300','JobPositionShift-177','JobPosition-75','');
INSERT INTO "JobPositionAssignment" VALUES('JobPositionAssignment-100','Canceled','Account-300','JobPositionShift-177','JobPosition-75','');
INSERT INTO "JobPositionAssignment" VALUES('JobPositionAssignment-101','Pending Verification','Account-300','JobPositionShift-177','JobPosition-75','');
INSERT INTO "JobPositionAssignment" VALUES('JobPositionAssignment-102','Awaiting Approval','Account-300','JobPositionShift-177','JobPosition-75','');
INSERT INTO "JobPositionAssignment" VALUES('JobPositionAssignment-103','Canceled','Account-300','JobPositionShift-177','JobPosition-75','');
INSERT INTO "JobPositionAssignment" VALUES('JobPositionAssignment-104','Upcoming','Account-300','JobPositionShift-177','JobPosition-75','');
INSERT INTO "JobPositionAssignment" VALUES('JobPositionAssignment-105','Absent','Account-300','JobPositionShift-177','JobPosition-75','');
INSERT INTO "JobPositionAssignment" VALUES('JobPositionAssignment-106','Awaiting Approval','Account-300','JobPositionShift-177','JobPosition-75','');
INSERT INTO "JobPositionAssignment" VALUES('JobPositionAssignment-107','Pending Verification','Account-300','JobPositionShift-177','JobPosition-75','');
INSERT INTO "JobPositionAssignment" VALUES('JobPositionAssignment-108','Canceled','Account-300','JobPositionShift-177','JobPosition-75','');
INSERT INTO "JobPositionAssignment" VALUES('JobPositionAssignment-109','Complete','Account-300','JobPositionShift-177','JobPosition-75','');
INSERT INTO "JobPositionAssignment" VALUES('JobPositionAssignment-110','Upcoming','Account-300','JobPositionShift-177','JobPosition-75','');
INSERT INTO "JobPositionAssignment" VALUES('JobPositionAssignment-111','Awaiting Approval','Account-300','JobPositionShift-177','JobPosition-75','');
INSERT INTO "JobPositionAssignment" VALUES('JobPositionAssignment-112','Awaiting Approval','Account-300','JobPositionShift-177','JobPosition-75','');
INSERT INTO "JobPositionAssignment" VALUES('JobPositionAssignment-113','In Progress','Account-300','JobPositionShift-177','JobPosition-75','');
INSERT INTO "JobPositionAssignment" VALUES('JobPositionAssignment-114','Awaiting Approval','Account-300','JobPositionShift-177','JobPosition-75','');
INSERT INTO "JobPositionAssignment" VALUES('JobPositionAssignment-115','Upcoming','Account-300','JobPositionShift-177','JobPosition-75','');
INSERT INTO "JobPositionAssignment" VALUES('JobPositionAssignment-116','Absent','Account-300','JobPositionShift-177','JobPosition-75','');
INSERT INTO "JobPositionAssignment" VALUES('JobPositionAssignment-117','Absent','Account-300','JobPositionShift-177','JobPosition-75','');
INSERT INTO "JobPositionAssignment" VALUES('JobPositionAssignment-118','Canceled','Account-300','JobPositionShift-177','JobPosition-75','');
INSERT INTO "JobPositionAssignment" VALUES('JobPositionAssignment-119','Complete','Account-300','JobPositionShift-177','JobPosition-75','');
INSERT INTO "JobPositionAssignment" VALUES('JobPositionAssignment-120','Pending Verification','Account-300','JobPositionShift-177','JobPosition-75','');
INSERT INTO "JobPositionAssignment" VALUES('JobPositionAssignment-121','Upcoming','Account-300','JobPositionShift-177','JobPosition-75','');
INSERT INTO "JobPositionAssignment" VALUES('JobPositionAssignment-122','Awaiting Approval','Account-300','JobPositionShift-177','JobPosition-75','');
INSERT INTO "JobPositionAssignment" VALUES('JobPositionAssignment-123','Upcoming','Account-300','JobPositionShift-177','JobPosition-75','');
INSERT INTO "JobPositionAssignment" VALUES('JobPositionAssignment-124','Canceled','Account-300','JobPositionShift-177','JobPosition-75','');
INSERT INTO "JobPositionAssignment" VALUES('JobPositionAssignment-125','In Progress','Account-300','JobPositionShift-177','JobPosition-75','');
INSERT INTO "JobPositionAssignment" VALUES('JobPositionAssignment-126','Upcoming','Account-300','JobPositionShift-177','JobPosition-75','');
INSERT INTO "JobPositionAssignment" VALUES('JobPositionAssignment-127','Pending Verification','Account-300','JobPositionShift-177','JobPosition-75','');
INSERT INTO "JobPositionAssignment" VALUES('JobPositionAssignment-128','Awaiting Approval','Account-300','JobPositionShift-177','JobPosition-75','');
INSERT INTO "JobPositionAssignment" VALUES('JobPositionAssignment-129','Complete','Account-300','JobPositionShift-177','JobPosition-75','');
INSERT INTO "JobPositionAssignment" VALUES('JobPositionAssignment-130','Absent','Account-300','JobPositionShift-177','JobPosition-75','');
INSERT INTO "JobPositionAssignment" VALUES('JobPositionAssignment-131','Upcoming','Account-300','JobPositionShift-177','JobPosition-75','');
INSERT INTO "JobPositionAssignment" VALUES('JobPositionAssignment-132','Complete','Account-300','JobPositionShift-177','JobPosition-75','');
INSERT INTO "JobPositionAssignment" VALUES('JobPositionAssignment-133','Absent','Account-300','JobPositionShift-177','JobPosition-75','');
INSERT INTO "JobPositionAssignment" VALUES('JobPositionAssignment-134','In Progress','Account-300','JobPositionShift-177','JobPosition-75','');
INSERT INTO "JobPositionAssignment" VALUES('JobPositionAssignment-135','Awaiting Approval','Account-300','JobPositionShift-177','JobPosition-75','');
INSERT INTO "JobPositionAssignment" VALUES('JobPositionAssignment-136','Canceled','Account-300','JobPositionShift-177','JobPosition-75','');
INSERT INTO "JobPositionAssignment" VALUES('JobPositionAssignment-137','Complete','Account-300','JobPositionShift-177','JobPosition-75','');
INSERT INTO "JobPositionAssignment" VALUES('JobPositionAssignment-138','In Progress','Account-300','JobPositionShift-177','JobPosition-75','');
INSERT INTO "JobPositionAssignment" VALUES('JobPositionAssignment-139','Pending Verification','Account-300','JobPositionShift-177','JobPosition-75','');
INSERT INTO "JobPositionAssignment" VALUES('JobPositionAssignment-140','In Progress','Account-300','JobPositionShift-177','JobPosition-75','');
INSERT INTO "JobPositionAssignment" VALUES('JobPositionAssignment-141','Absent','Account-300','JobPositionShift-177','JobPosition-75','');
INSERT INTO "JobPositionAssignment" VALUES('JobPositionAssignment-142','Absent','Account-300','JobPositionShift-177','JobPosition-75','');
INSERT INTO "JobPositionAssignment" VALUES('JobPositionAssignment-143','Pending Verification','Account-300','JobPositionShift-177','JobPosition-75','');
INSERT INTO "JobPositionAssignment" VALUES('JobPositionAssignment-144','Awaiting Approval','Account-300','JobPositionShift-177','JobPosition-75','');
INSERT INTO "JobPositionAssignment" VALUES('JobPositionAssignment-145','In Progress','Account-300','JobPositionShift-177','JobPosition-75','');
INSERT INTO "JobPositionAssignment" VALUES('JobPositionAssignment-146','Pending Verification','Account-300','JobPositionShift-177','JobPosition-75','');
INSERT INTO "JobPositionAssignment" VALUES('JobPositionAssignment-147','Awaiting Approval','Account-300','JobPositionShift-177','JobPosition-75','');
INSERT INTO "JobPositionAssignment" VALUES('JobPositionAssignment-148','Absent','Account-300','JobPositionShift-177','JobPosition-75','');
INSERT INTO "JobPositionAssignment" VALUES('JobPositionAssignment-149','In Progress','Account-300','JobPositionShift-177','JobPosition-75','');
INSERT INTO "JobPositionAssignment" VALUES('JobPositionAssignment-150','Pending Verification','Account-300','JobPositionShift-177','JobPosition-75','');
INSERT INTO "JobPositionAssignment" VALUES('JobPositionAssignment-151','Upcoming','Account-90','JobPositionShift-217','JobPosition-90','');
INSERT INTO "JobPositionAssignment" VALUES('JobPositionAssignment-152','Canceled','Account-90','JobPositionShift-217','JobPosition-90','');
INSERT INTO "JobPositionAssignment" VALUES('JobPositionAssignment-153','In Progress','Account-90','JobPositionShift-217','JobPosition-90','');
INSERT INTO "JobPositionAssignment" VALUES('JobPositionAssignment-154','Absent','Account-90','JobPositionShift-217','JobPosition-90','');
INSERT INTO "JobPositionAssignment" VALUES('JobPositionAssignment-155','Canceled','Account-90','JobPositionShift-217','JobPosition-90','');
INSERT INTO "JobPositionAssignment" VALUES('JobPositionAssignment-156','Canceled','Account-90','JobPositionShift-217','JobPosition-90','');
INSERT INTO "JobPositionAssignment" VALUES('JobPositionAssignment-157','Pending Verification','Account-90','JobPositionShift-217','JobPosition-90','');
INSERT INTO "JobPositionAssignment" VALUES('JobPositionAssignment-158','Complete','Account-90','JobPositionShift-217','JobPosition-90','');
INSERT INTO "JobPositionAssignment" VALUES('JobPositionAssignment-159','Upcoming','Account-90','JobPositionShift-217','JobPosition-90','');
INSERT INTO "JobPositionAssignment" VALUES('JobPositionAssignment-160','Absent','Account-90','JobPositionShift-217','JobPosition-90','');
INSERT INTO "JobPositionAssignment" VALUES('JobPositionAssignment-161','In Progress','Account-90','JobPositionShift-217','JobPosition-90','');
INSERT INTO "JobPositionAssignment" VALUES('JobPositionAssignment-162','Complete','Account-90','JobPositionShift-217','JobPosition-90','');
INSERT INTO "JobPositionAssignment" VALUES('JobPositionAssignment-163','Pending Verification','Account-90','JobPositionShift-217','JobPosition-90','');
INSERT INTO "JobPositionAssignment" VALUES('JobPositionAssignment-164','Absent','Account-90','JobPositionShift-217','JobPosition-90','');
INSERT INTO "JobPositionAssignment" VALUES('JobPositionAssignment-165','Complete','Account-90','JobPositionShift-217','JobPosition-90','');
INSERT INTO "JobPositionAssignment" VALUES('JobPositionAssignment-166','Awaiting Approval','Account-90','JobPositionShift-217','JobPosition-90','');
INSERT INTO "JobPositionAssignment" VALUES('JobPositionAssignment-167','Complete','Account-90','JobPositionShift-217','JobPosition-90','');
INSERT INTO "JobPositionAssignment" VALUES('JobPositionAssignment-168','Absent','Account-90','JobPositionShift-217','JobPosition-90','');
INSERT INTO "JobPositionAssignment" VALUES('JobPositionAssignment-169','Canceled','Account-90','JobPositionShift-217','JobPosition-90','');
INSERT INTO "JobPositionAssignment" VALUES('JobPositionAssignment-170','Complete','Account-90','JobPositionShift-217','JobPosition-90','');
INSERT INTO "JobPositionAssignment" VALUES('JobPositionAssignment-171','Awaiting Approval','Account-90','JobPositionShift-217','JobPosition-90','');
INSERT INTO "JobPositionAssignment" VALUES('JobPositionAssignment-172','Complete','Account-90','JobPositionShift-217','JobPosition-90','');
INSERT INTO "JobPositionAssignment" VALUES('JobPositionAssignment-173','Upcoming','Account-90','JobPositionShift-217','JobPosition-90','');
INSERT INTO "JobPositionAssignment" VALUES('JobPositionAssignment-174','Complete','Account-90','JobPositionShift-217','JobPosition-90','');
INSERT INTO "JobPositionAssignment" VALUES('JobPositionAssignment-175','Canceled','Account-90','JobPositionShift-217','JobPosition-90','');
INSERT INTO "JobPositionAssignment" VALUES('JobPositionAssignment-176','Absent','Account-90','JobPositionShift-217','JobPosition-90','');
INSERT INTO "JobPositionAssignment" VALUES('JobPositionAssignment-177','Absent','Account-90','JobPositionShift-217','JobPosition-90','');
INSERT INTO "JobPositionAssignment" VALUES('JobPositionAssignment-178','In Progress','Account-90','JobPositionShift-217','JobPosition-90','');
INSERT INTO "JobPositionAssignment" VALUES('JobPositionAssignment-179','Absent','Account-90','JobPositionShift-217','JobPosition-90','');
INSERT INTO "JobPositionAssignment" VALUES('JobPositionAssignment-180','Upcoming','Account-90','JobPositionShift-217','JobPosition-90','');
INSERT INTO "JobPositionAssignment" VALUES('JobPositionAssignment-181','Upcoming','Account-90','JobPositionShift-217','JobPosition-90','');
INSERT INTO "JobPositionAssignment" VALUES('JobPositionAssignment-182','Complete','Account-90','JobPositionShift-217','JobPosition-90','');
INSERT INTO "JobPositionAssignment" VALUES('JobPositionAssignment-183','Complete','Account-90','JobPositionShift-217','JobPosition-90','');
INSERT INTO "JobPositionAssignment" VALUES('JobPositionAssignment-184','Absent','Account-90','JobPositionShift-217','JobPosition-90','');
INSERT INTO "JobPositionAssignment" VALUES('JobPositionAssignment-185','Pending Verification','Account-90','JobPositionShift-217','JobPosition-90','');
INSERT INTO "JobPositionAssignment" VALUES('JobPositionAssignment-186','In Progress','Account-90','JobPositionShift-217','JobPosition-90','');
INSERT INTO "JobPositionAssignment" VALUES('JobPositionAssignment-187','Canceled','Account-90','JobPositionShift-217','JobPosition-90','');
INSERT INTO "JobPositionAssignment" VALUES('JobPositionAssignment-188','In Progress','Account-90','JobPositionShift-217','JobPosition-90','');
INSERT INTO "JobPositionAssignment" VALUES('JobPositionAssignment-189','Pending Verification','Account-90','JobPositionShift-217','JobPosition-90','');
INSERT INTO "JobPositionAssignment" VALUES('JobPositionAssignment-190','Upcoming','Account-90','JobPositionShift-217','JobPosition-90','');
INSERT INTO "JobPositionAssignment" VALUES('JobPositionAssignment-191','Absent','Account-90','JobPositionShift-217','JobPosition-90','');
INSERT INTO "JobPositionAssignment" VALUES('JobPositionAssignment-192','In Progress','Account-90','JobPositionShift-217','JobPosition-90','');
INSERT INTO "JobPositionAssignment" VALUES('JobPositionAssignment-193','Complete','Account-90','JobPositionShift-217','JobPosition-90','');
INSERT INTO "JobPositionAssignment" VALUES('JobPositionAssignment-194','Complete','Account-90','JobPositionShift-217','JobPosition-90','');
INSERT INTO "JobPositionAssignment" VALUES('JobPositionAssignment-195','Awaiting Approval','Account-90','JobPositionShift-217','JobPosition-90','');
INSERT INTO "JobPositionAssignment" VALUES('JobPositionAssignment-196','Absent','Account-90','JobPositionShift-217','JobPosition-90','');
INSERT INTO "JobPositionAssignment" VALUES('JobPositionAssignment-197','In Progress','Account-90','JobPositionShift-217','JobPosition-90','');
INSERT INTO "JobPositionAssignment" VALUES('JobPositionAssignment-198','Awaiting Approval','Account-90','JobPositionShift-217','JobPosition-90','');
INSERT INTO "JobPositionAssignment" VALUES('JobPositionAssignment-199','Pending Verification','Account-90','JobPositionShift-217','JobPosition-90','');
INSERT INTO "JobPositionAssignment" VALUES('JobPositionAssignment-200','Absent','Account-90','JobPositionShift-217','JobPosition-90','');
INSERT INTO "JobPositionAssignment" VALUES('JobPositionAssignment-201','Upcoming','Account-90','JobPositionShift-217','JobPosition-90','');
INSERT INTO "JobPositionAssignment" VALUES('JobPositionAssignment-202','Absent','Account-90','JobPositionShift-217','JobPosition-90','');
INSERT INTO "JobPositionAssignment" VALUES('JobPositionAssignment-203','Complete','Account-90','JobPositionShift-217','JobPosition-90','');
INSERT INTO "JobPositionAssignment" VALUES('JobPositionAssignment-204','Canceled','Account-90','JobPositionShift-217','JobPosition-90','');
INSERT INTO "JobPositionAssignment" VALUES('JobPositionAssignment-205','In Progress','Account-90','JobPositionShift-217','JobPosition-90','');
INSERT INTO "JobPositionAssignment" VALUES('JobPositionAssignment-206','Upcoming','Account-90','JobPositionShift-217','JobPosition-90','');
INSERT INTO "JobPositionAssignment" VALUES('JobPositionAssignment-207','In Progress','Account-90','JobPositionShift-217','JobPosition-90','');
INSERT INTO "JobPositionAssignment" VALUES('JobPositionAssignment-208','Awaiting Approval','Account-90','JobPositionShift-217','JobPosition-90','');
INSERT INTO "JobPositionAssignment" VALUES('JobPositionAssignment-209','Absent','Account-90','JobPositionShift-217','JobPosition-90','');
INSERT INTO "JobPositionAssignment" VALUES('JobPositionAssignment-210','Upcoming','Account-90','JobPositionShift-217','JobPosition-90','');
INSERT INTO "JobPositionAssignment" VALUES('JobPositionAssignment-211','Awaiting Approval','Account-90','JobPositionShift-217','JobPosition-90','');
INSERT INTO "JobPositionAssignment" VALUES('JobPositionAssignment-212','Upcoming','Account-90','JobPositionShift-217','JobPosition-90','');
INSERT INTO "JobPositionAssignment" VALUES('JobPositionAssignment-213','In Progress','Account-90','JobPositionShift-217','JobPosition-90','');
INSERT INTO "JobPositionAssignment" VALUES('JobPositionAssignment-214','Pending Verification','Account-90','JobPositionShift-217','JobPosition-90','');
INSERT INTO "JobPositionAssignment" VALUES('JobPositionAssignment-215','Complete','Account-90','JobPositionShift-217','JobPosition-90','');
INSERT INTO "JobPositionAssignment" VALUES('JobPositionAssignment-216','Awaiting Approval','Account-90','JobPositionShift-217','JobPosition-90','');
INSERT INTO "JobPositionAssignment" VALUES('JobPositionAssignment-217','Pending Verification','Account-90','JobPositionShift-217','JobPosition-90','');
INSERT INTO "JobPositionAssignment" VALUES('JobPositionAssignment-218','Upcoming','Account-90','JobPositionShift-217','JobPosition-90','');
INSERT INTO "JobPositionAssignment" VALUES('JobPositionAssignment-219','Upcoming','Account-90','JobPositionShift-217','JobPosition-90','');
INSERT INTO "JobPositionAssignment" VALUES('JobPositionAssignment-220','Pending Verification','Account-90','JobPositionShift-217','JobPosition-90','');
INSERT INTO "JobPositionAssignment" VALUES('JobPositionAssignment-221','In Progress','Account-90','JobPositionShift-217','JobPosition-90','');
INSERT INTO "JobPositionAssignment" VALUES('JobPositionAssignment-222','In Progress','Account-90','JobPositionShift-217','JobPosition-90','');
INSERT INTO "JobPositionAssignment" VALUES('JobPositionAssignment-223','Canceled','Account-90','JobPositionShift-217','JobPosition-90','');
INSERT INTO "JobPositionAssignment" VALUES('JobPositionAssignment-224','Canceled','Account-90','JobPositionShift-217','JobPosition-90','');
INSERT INTO "JobPositionAssignment" VALUES('JobPositionAssignment-225','Pending Verification','Account-90','JobPositionShift-217','JobPosition-90','');
INSERT INTO "JobPositionAssignment" VALUES('JobPositionAssignment-226','Pending Verification','Account-270','JobPositionShift-257','JobPosition-105','');
INSERT INTO "JobPositionAssignment" VALUES('JobPositionAssignment-227','Upcoming','Account-270','JobPositionShift-257','JobPosition-105','');
INSERT INTO "JobPositionAssignment" VALUES('JobPositionAssignment-228','Absent','Account-270','JobPositionShift-257','JobPosition-105','');
INSERT INTO "JobPositionAssignment" VALUES('JobPositionAssignment-229','Absent','Account-270','JobPositionShift-257','JobPosition-105','');
INSERT INTO "JobPositionAssignment" VALUES('JobPositionAssignment-230','Upcoming','Account-270','JobPositionShift-257','JobPosition-105','');
INSERT INTO "JobPositionAssignment" VALUES('JobPositionAssignment-231','Upcoming','Account-270','JobPositionShift-257','JobPosition-105','');
INSERT INTO "JobPositionAssignment" VALUES('JobPositionAssignment-232','Absent','Account-270','JobPositionShift-257','JobPosition-105','');
INSERT INTO "JobPositionAssignment" VALUES('JobPositionAssignment-233','Upcoming','Account-270','JobPositionShift-257','JobPosition-105','');
INSERT INTO "JobPositionAssignment" VALUES('JobPositionAssignment-234','Pending Verification','Account-270','JobPositionShift-257','JobPosition-105','');
INSERT INTO "JobPositionAssignment" VALUES('JobPositionAssignment-235','Complete','Account-270','JobPositionShift-257','JobPosition-105','');
INSERT INTO "JobPositionAssignment" VALUES('JobPositionAssignment-236','Upcoming','Account-270','JobPositionShift-257','JobPosition-105','');
INSERT INTO "JobPositionAssignment" VALUES('JobPositionAssignment-237','Upcoming','Account-270','JobPositionShift-257','JobPosition-105','');
INSERT INTO "JobPositionAssignment" VALUES('JobPositionAssignment-238','Canceled','Account-270','JobPositionShift-257','JobPosition-105','');
INSERT INTO "JobPositionAssignment" VALUES('JobPositionAssignment-239','Absent','Account-270','JobPositionShift-257','JobPosition-105','');
INSERT INTO "JobPositionAssignment" VALUES('JobPositionAssignment-240','Complete','Account-270','JobPositionShift-257','JobPosition-105','');
INSERT INTO "JobPositionAssignment" VALUES('JobPositionAssignment-241','In Progress','Account-270','JobPositionShift-257','JobPosition-105','');
INSERT INTO "JobPositionAssignment" VALUES('JobPositionAssignment-242','Awaiting Approval','Account-270','JobPositionShift-257','JobPosition-105','');
INSERT INTO "JobPositionAssignment" VALUES('JobPositionAssignment-243','Awaiting Approval','Account-270','JobPositionShift-257','JobPosition-105','');
INSERT INTO "JobPositionAssignment" VALUES('JobPositionAssignment-244','Absent','Account-270','JobPositionShift-257','JobPosition-105','');
INSERT INTO "JobPositionAssignment" VALUES('JobPositionAssignment-245','Awaiting Approval','Account-270','JobPositionShift-257','JobPosition-105','');
INSERT INTO "JobPositionAssignment" VALUES('JobPositionAssignment-246','In Progress','Account-270','JobPositionShift-257','JobPosition-105','');
INSERT INTO "JobPositionAssignment" VALUES('JobPositionAssignment-247','In Progress','Account-270','JobPositionShift-257','JobPosition-105','');
INSERT INTO "JobPositionAssignment" VALUES('JobPositionAssignment-248','Pending Verification','Account-270','JobPositionShift-257','JobPosition-105','');
INSERT INTO "JobPositionAssignment" VALUES('JobPositionAssignment-249','Pending Verification','Account-270','JobPositionShift-257','JobPosition-105','');
INSERT INTO "JobPositionAssignment" VALUES('JobPositionAssignment-250','Complete','Account-270','JobPositionShift-257','JobPosition-105','');
INSERT INTO "JobPositionAssignment" VALUES('JobPositionAssignment-251','Pending Verification','Account-270','JobPositionShift-257','JobPosition-105','');
INSERT INTO "JobPositionAssignment" VALUES('JobPositionAssignment-252','Complete','Account-270','JobPositionShift-257','JobPosition-105','');
INSERT INTO "JobPositionAssignment" VALUES('JobPositionAssignment-253','Complete','Account-270','JobPositionShift-257','JobPosition-105','');
INSERT INTO "JobPositionAssignment" VALUES('JobPositionAssignment-254','Awaiting Approval','Account-270','JobPositionShift-257','JobPosition-105','');
INSERT INTO "JobPositionAssignment" VALUES('JobPositionAssignment-255','Canceled','Account-270','JobPositionShift-257','JobPosition-105','');
INSERT INTO "JobPositionAssignment" VALUES('JobPositionAssignment-256','In Progress','Account-270','JobPositionShift-257','JobPosition-105','');
INSERT INTO "JobPositionAssignment" VALUES('JobPositionAssignment-257','Canceled','Account-270','JobPositionShift-257','JobPosition-105','');
INSERT INTO "JobPositionAssignment" VALUES('JobPositionAssignment-258','Canceled','Account-270','JobPositionShift-257','JobPosition-105','');
INSERT INTO "JobPositionAssignment" VALUES('JobPositionAssignment-259','Awaiting Approval','Account-270','JobPositionShift-257','JobPosition-105','');
INSERT INTO "JobPositionAssignment" VALUES('JobPositionAssignment-260','Upcoming','Account-270','JobPositionShift-257','JobPosition-105','');
INSERT INTO "JobPositionAssignment" VALUES('JobPositionAssignment-261','Pending Verification','Account-270','JobPositionShift-257','JobPosition-105','');
INSERT INTO "JobPositionAssignment" VALUES('JobPositionAssignment-262','Upcoming','Account-270','JobPositionShift-257','JobPosition-105','');
INSERT INTO "JobPositionAssignment" VALUES('JobPositionAssignment-263','Upcoming','Account-270','JobPositionShift-257','JobPosition-105','');
INSERT INTO "JobPositionAssignment" VALUES('JobPositionAssignment-264','Upcoming','Account-270','JobPositionShift-257','JobPosition-105','');
INSERT INTO "JobPositionAssignment" VALUES('JobPositionAssignment-265','Absent','Account-270','JobPositionShift-257','JobPosition-105','');
INSERT INTO "JobPositionAssignment" VALUES('JobPositionAssignment-266','Awaiting Approval','Account-270','JobPositionShift-257','JobPosition-105','');
INSERT INTO "JobPositionAssignment" VALUES('JobPositionAssignment-267','Awaiting Approval','Account-270','JobPositionShift-257','JobPosition-105','');
INSERT INTO "JobPositionAssignment" VALUES('JobPositionAssignment-268','Upcoming','Account-270','JobPositionShift-257','JobPosition-105','');
INSERT INTO "JobPositionAssignment" VALUES('JobPositionAssignment-269','Awaiting Approval','Account-270','JobPositionShift-257','JobPosition-105','');
INSERT INTO "JobPositionAssignment" VALUES('JobPositionAssignment-270','Absent','Account-270','JobPositionShift-257','JobPosition-105','');
INSERT INTO "JobPositionAssignment" VALUES('JobPositionAssignment-271','Complete','Account-270','JobPositionShift-257','JobPosition-105','');
INSERT INTO "JobPositionAssignment" VALUES('JobPositionAssignment-272','Complete','Account-270','JobPositionShift-257','JobPosition-105','');
INSERT INTO "JobPositionAssignment" VALUES('JobPositionAssignment-273','Canceled','Account-270','JobPositionShift-257','JobPosition-105','');
INSERT INTO "JobPositionAssignment" VALUES('JobPositionAssignment-274','Awaiting Approval','Account-270','JobPositionShift-257','JobPosition-105','');
INSERT INTO "JobPositionAssignment" VALUES('JobPositionAssignment-275','Complete','Account-270','JobPositionShift-257','JobPosition-105','');
INSERT INTO "JobPositionAssignment" VALUES('JobPositionAssignment-276','Canceled','Account-270','JobPositionShift-257','JobPosition-105','');
INSERT INTO "JobPositionAssignment" VALUES('JobPositionAssignment-277','Complete','Account-270','JobPositionShift-257','JobPosition-105','');
INSERT INTO "JobPositionAssignment" VALUES('JobPositionAssignment-278','Pending Verification','Account-270','JobPositionShift-257','JobPosition-105','');
INSERT INTO "JobPositionAssignment" VALUES('JobPositionAssignment-279','Upcoming','Account-270','JobPositionShift-257','JobPosition-105','');
INSERT INTO "JobPositionAssignment" VALUES('JobPositionAssignment-280','Pending Verification','Account-270','JobPositionShift-257','JobPosition-105','');
INSERT INTO "JobPositionAssignment" VALUES('JobPositionAssignment-281','Complete','Account-270','JobPositionShift-257','JobPosition-105','');
INSERT INTO "JobPositionAssignment" VALUES('JobPositionAssignment-282','Absent','Account-270','JobPositionShift-257','JobPosition-105','');
INSERT INTO "JobPositionAssignment" VALUES('JobPositionAssignment-283','Pending Verification','Account-270','JobPositionShift-257','JobPosition-105','');
INSERT INTO "JobPositionAssignment" VALUES('JobPositionAssignment-284','Absent','Account-270','JobPositionShift-257','JobPosition-105','');
INSERT INTO "JobPositionAssignment" VALUES('JobPositionAssignment-285','Upcoming','Account-270','JobPositionShift-257','JobPosition-105','');
INSERT INTO "JobPositionAssignment" VALUES('JobPositionAssignment-286','Upcoming','Account-270','JobPositionShift-257','JobPosition-105','');
INSERT INTO "JobPositionAssignment" VALUES('JobPositionAssignment-287','In Progress','Account-270','JobPositionShift-257','JobPosition-105','');
INSERT INTO "JobPositionAssignment" VALUES('JobPositionAssignment-288','In Progress','Account-270','JobPositionShift-257','JobPosition-105','');
INSERT INTO "JobPositionAssignment" VALUES('JobPositionAssignment-289','Awaiting Approval','Account-270','JobPositionShift-257','JobPosition-105','');
INSERT INTO "JobPositionAssignment" VALUES('JobPositionAssignment-290','Canceled','Account-270','JobPositionShift-257','JobPosition-105','');
INSERT INTO "JobPositionAssignment" VALUES('JobPositionAssignment-291','In Progress','Account-270','JobPositionShift-257','JobPosition-105','');
INSERT INTO "JobPositionAssignment" VALUES('JobPositionAssignment-292','Awaiting Approval','Account-270','JobPositionShift-257','JobPosition-105','');
INSERT INTO "JobPositionAssignment" VALUES('JobPositionAssignment-293','Pending Verification','Account-270','JobPositionShift-257','JobPosition-105','');
INSERT INTO "JobPositionAssignment" VALUES('JobPositionAssignment-294','Complete','Account-270','JobPositionShift-257','JobPosition-105','');
INSERT INTO "JobPositionAssignment" VALUES('JobPositionAssignment-295','Upcoming','Account-270','JobPositionShift-257','JobPosition-105','');
INSERT INTO "JobPositionAssignment" VALUES('JobPositionAssignment-296','Pending Verification','Account-270','JobPositionShift-257','JobPosition-105','');
INSERT INTO "JobPositionAssignment" VALUES('JobPositionAssignment-297','Pending Verification','Account-270','JobPositionShift-257','JobPosition-105','');
INSERT INTO "JobPositionAssignment" VALUES('JobPositionAssignment-298','In Progress','Account-270','JobPositionShift-257','JobPosition-105','');
INSERT INTO "JobPositionAssignment" VALUES('JobPositionAssignment-299','Upcoming','Account-270','JobPositionShift-257','JobPosition-105','');
INSERT INTO "JobPositionAssignment" VALUES('JobPositionAssignment-300','In Progress','Account-270','JobPositionShift-257','JobPosition-105','');
INSERT INTO "JobPositionAssignment" VALUES('JobPositionAssignment-301','Upcoming','Account-30','JobPositionShift-297','JobPosition-120','');
INSERT INTO "JobPositionAssignment" VALUES('JobPositionAssignment-302','Complete','Account-30','JobPositionShift-297','JobPosition-120','');
INSERT INTO "JobPositionAssignment" VALUES('JobPositionAssignment-303','Canceled','Account-30','JobPositionShift-297','JobPosition-120','');
INSERT INTO "JobPositionAssignment" VALUES('JobPositionAssignment-304','Canceled','Account-30','JobPositionShift-297','JobPosition-120','');
INSERT INTO "JobPositionAssignment" VALUES('JobPositionAssignment-305','Pending Verification','Account-30','JobPositionShift-297','JobPosition-120','');
INSERT INTO "JobPositionAssignment" VALUES('JobPositionAssignment-306','Complete','Account-30','JobPositionShift-297','JobPosition-120','');
INSERT INTO "JobPositionAssignment" VALUES('JobPositionAssignment-307','Awaiting Approval','Account-30','JobPositionShift-297','JobPosition-120','');
INSERT INTO "JobPositionAssignment" VALUES('JobPositionAssignment-308','Absent','Account-30','JobPositionShift-297','JobPosition-120','');
INSERT INTO "JobPositionAssignment" VALUES('JobPositionAssignment-309','Pending Verification','Account-30','JobPositionShift-297','JobPosition-120','');
INSERT INTO "JobPositionAssignment" VALUES('JobPositionAssignment-310','Canceled','Account-30','JobPositionShift-297','JobPosition-120','');
INSERT INTO "JobPositionAssignment" VALUES('JobPositionAssignment-311','Awaiting Approval','Account-30','JobPositionShift-297','JobPosition-120','');
INSERT INTO "JobPositionAssignment" VALUES('JobPositionAssignment-312','Pending Verification','Account-30','JobPositionShift-297','JobPosition-120','');
INSERT INTO "JobPositionAssignment" VALUES('JobPositionAssignment-313','Canceled','Account-30','JobPositionShift-297','JobPosition-120','');
INSERT INTO "JobPositionAssignment" VALUES('JobPositionAssignment-314','In Progress','Account-30','JobPositionShift-297','JobPosition-120','');
INSERT INTO "JobPositionAssignment" VALUES('JobPositionAssignment-315','In Progress','Account-30','JobPositionShift-297','JobPosition-120','');
INSERT INTO "JobPositionAssignment" VALUES('JobPositionAssignment-316','Complete','Account-30','JobPositionShift-297','JobPosition-120','');
INSERT INTO "JobPositionAssignment" VALUES('JobPositionAssignment-317','Canceled','Account-30','JobPositionShift-297','JobPosition-120','');
INSERT INTO "JobPositionAssignment" VALUES('JobPositionAssignment-318','Upcoming','Account-30','JobPositionShift-297','JobPosition-120','');
INSERT INTO "JobPositionAssignment" VALUES('JobPositionAssignment-319','Upcoming','Account-30','JobPositionShift-297','JobPosition-120','');
INSERT INTO "JobPositionAssignment" VALUES('JobPositionAssignment-320','Pending Verification','Account-30','JobPositionShift-297','JobPosition-120','');
INSERT INTO "JobPositionAssignment" VALUES('JobPositionAssignment-321','Complete','Account-30','JobPositionShift-297','JobPosition-120','');
INSERT INTO "JobPositionAssignment" VALUES('JobPositionAssignment-322','Absent','Account-30','JobPositionShift-297','JobPosition-120','');
INSERT INTO "JobPositionAssignment" VALUES('JobPositionAssignment-323','Awaiting Approval','Account-30','JobPositionShift-297','JobPosition-120','');
INSERT INTO "JobPositionAssignment" VALUES('JobPositionAssignment-324','Complete','Account-30','JobPositionShift-297','JobPosition-120','');
INSERT INTO "JobPositionAssignment" VALUES('JobPositionAssignment-325','Complete','Account-30','JobPositionShift-297','JobPosition-120','');
INSERT INTO "JobPositionAssignment" VALUES('JobPositionAssignment-326','Absent','Account-30','JobPositionShift-297','JobPosition-120','');
INSERT INTO "JobPositionAssignment" VALUES('JobPositionAssignment-327','Absent','Account-30','JobPositionShift-297','JobPosition-120','');
INSERT INTO "JobPositionAssignment" VALUES('JobPositionAssignment-328','In Progress','Account-30','JobPositionShift-297','JobPosition-120','');
INSERT INTO "JobPositionAssignment" VALUES('JobPositionAssignment-329','Pending Verification','Account-30','JobPositionShift-297','JobPosition-120','');
INSERT INTO "JobPositionAssignment" VALUES('JobPositionAssignment-330','Awaiting Approval','Account-30','JobPositionShift-297','JobPosition-120','');
INSERT INTO "JobPositionAssignment" VALUES('JobPositionAssignment-331','Pending Verification','Account-30','JobPositionShift-297','JobPosition-120','');
INSERT INTO "JobPositionAssignment" VALUES('JobPositionAssignment-332','Canceled','Account-30','JobPositionShift-297','JobPosition-120','');
INSERT INTO "JobPositionAssignment" VALUES('JobPositionAssignment-333','Canceled','Account-30','JobPositionShift-297','JobPosition-120','');
INSERT INTO "JobPositionAssignment" VALUES('JobPositionAssignment-334','Canceled','Account-30','JobPositionShift-297','JobPosition-120','');
INSERT INTO "JobPositionAssignment" VALUES('JobPositionAssignment-335','Awaiting Approval','Account-30','JobPositionShift-297','JobPosition-120','');
INSERT INTO "JobPositionAssignment" VALUES('JobPositionAssignment-336','Complete','Account-30','JobPositionShift-297','JobPosition-120','');
INSERT INTO "JobPositionAssignment" VALUES('JobPositionAssignment-337','Awaiting Approval','Account-30','JobPositionShift-297','JobPosition-120','');
INSERT INTO "JobPositionAssignment" VALUES('JobPositionAssignment-338','Awaiting Approval','Account-30','JobPositionShift-297','JobPosition-120','');
INSERT INTO "JobPositionAssignment" VALUES('JobPositionAssignment-339','Upcoming','Account-30','JobPositionShift-297','JobPosition-120','');
INSERT INTO "JobPositionAssignment" VALUES('JobPositionAssignment-340','Pending Verification','Account-30','JobPositionShift-297','JobPosition-120','');
INSERT INTO "JobPositionAssignment" VALUES('JobPositionAssignment-341','Absent','Account-30','JobPositionShift-297','JobPosition-120','');
INSERT INTO "JobPositionAssignment" VALUES('JobPositionAssignment-342','Pending Verification','Account-30','JobPositionShift-297','JobPosition-120','');
INSERT INTO "JobPositionAssignment" VALUES('JobPositionAssignment-343','Complete','Account-30','JobPositionShift-297','JobPosition-120','');
INSERT INTO "JobPositionAssignment" VALUES('JobPositionAssignment-344','Canceled','Account-30','JobPositionShift-297','JobPosition-120','');
INSERT INTO "JobPositionAssignment" VALUES('JobPositionAssignment-345','Upcoming','Account-30','JobPositionShift-297','JobPosition-120','');
INSERT INTO "JobPositionAssignment" VALUES('JobPositionAssignment-346','Upcoming','Account-30','JobPositionShift-297','JobPosition-120','');
INSERT INTO "JobPositionAssignment" VALUES('JobPositionAssignment-347','Pending Verification','Account-30','JobPositionShift-297','JobPosition-120','');
INSERT INTO "JobPositionAssignment" VALUES('JobPositionAssignment-348','Upcoming','Account-30','JobPositionShift-297','JobPosition-120','');
INSERT INTO "JobPositionAssignment" VALUES('JobPositionAssignment-349','Complete','Account-30','JobPositionShift-297','JobPosition-120','');
INSERT INTO "JobPositionAssignment" VALUES('JobPositionAssignment-350','Canceled','Account-30','JobPositionShift-297','JobPosition-120','');
INSERT INTO "JobPositionAssignment" VALUES('JobPositionAssignment-351','Awaiting Approval','Account-30','JobPositionShift-297','JobPosition-120','');
INSERT INTO "JobPositionAssignment" VALUES('JobPositionAssignment-352','Absent','Account-30','JobPositionShift-297','JobPosition-120','');
INSERT INTO "JobPositionAssignment" VALUES('JobPositionAssignment-353','Upcoming','Account-30','JobPositionShift-297','JobPosition-120','');
INSERT INTO "JobPositionAssignment" VALUES('JobPositionAssignment-354','Absent','Account-30','JobPositionShift-297','JobPosition-120','');
INSERT INTO "JobPositionAssignment" VALUES('JobPositionAssignment-355','Absent','Account-30','JobPositionShift-297','JobPosition-120','');
INSERT INTO "JobPositionAssignment" VALUES('JobPositionAssignment-356','In Progress','Account-30','JobPositionShift-297','JobPosition-120','');
INSERT INTO "JobPositionAssignment" VALUES('JobPositionAssignment-357','Awaiting Approval','Account-30','JobPositionShift-297','JobPosition-120','');
INSERT INTO "JobPositionAssignment" VALUES('JobPositionAssignment-358','Awaiting Approval','Account-30','JobPositionShift-297','JobPosition-120','');
INSERT INTO "JobPositionAssignment" VALUES('JobPositionAssignment-359','Pending Verification','Account-30','JobPositionShift-297','JobPosition-120','');
INSERT INTO "JobPositionAssignment" VALUES('JobPositionAssignment-360','Pending Verification','Account-30','JobPositionShift-297','JobPosition-120','');
INSERT INTO "JobPositionAssignment" VALUES('JobPositionAssignment-361','Complete','Account-30','JobPositionShift-297','JobPosition-120','');
INSERT INTO "JobPositionAssignment" VALUES('JobPositionAssignment-362','In Progress','Account-30','JobPositionShift-297','JobPosition-120','');
INSERT INTO "JobPositionAssignment" VALUES('JobPositionAssignment-363','Complete','Account-30','JobPositionShift-297','JobPosition-120','');
INSERT INTO "JobPositionAssignment" VALUES('JobPositionAssignment-364','In Progress','Account-30','JobPositionShift-297','JobPosition-120','');
INSERT INTO "JobPositionAssignment" VALUES('JobPositionAssignment-365','Absent','Account-30','JobPositionShift-297','JobPosition-120','');
INSERT INTO "JobPositionAssignment" VALUES('JobPositionAssignment-366','Pending Verification','Account-30','JobPositionShift-297','JobPosition-120','');
INSERT INTO "JobPositionAssignment" VALUES('JobPositionAssignment-367','Upcoming','Account-30','JobPositionShift-297','JobPosition-120','');
INSERT INTO "JobPositionAssignment" VALUES('JobPositionAssignment-368','In Progress','Account-30','JobPositionShift-297','JobPosition-120','');
INSERT INTO "JobPositionAssignment" VALUES('JobPositionAssignment-369','Canceled','Account-30','JobPositionShift-297','JobPosition-120','');
INSERT INTO "JobPositionAssignment" VALUES('JobPositionAssignment-370','Upcoming','Account-30','JobPositionShift-297','JobPosition-120','');
INSERT INTO "JobPositionAssignment" VALUES('JobPositionAssignment-371','In Progress','Account-30','JobPositionShift-297','JobPosition-120','');
INSERT INTO "JobPositionAssignment" VALUES('JobPositionAssignment-372','Pending Verification','Account-30','JobPositionShift-297','JobPosition-120','');
INSERT INTO "JobPositionAssignment" VALUES('JobPositionAssignment-373','Canceled','Account-30','JobPositionShift-297','JobPosition-120','');
INSERT INTO "JobPositionAssignment" VALUES('JobPositionAssignment-374','In Progress','Account-30','JobPositionShift-297','JobPosition-120','');
INSERT INTO "JobPositionAssignment" VALUES('JobPositionAssignment-375','Complete','Account-30','JobPositionShift-297','JobPosition-120','');
CREATE TABLE "JobPositionQualification" (
    id VARCHAR(255) NOT NULL,
    "JobPositionId" VARCHAR(255),
    "QualificationReferenceRecordId" VARCHAR(255),
    PRIMARY KEY (id)
);
INSERT INTO "JobPositionQualification"
VALUES('JobPositionQualification-1','JobPosition-1','Competency-1');
INSERT INTO "JobPositionQualification"
VALUES('JobPositionQualification-2','JobPosition-2','Competency-2');
INSERT INTO "JobPositionQualification"
VALUES('JobPositionQualification-3','JobPosition-3','Competency-3');
INSERT INTO "JobPositionQualification"
VALUES('JobPositionQualification-4','JobPosition-4','Competency-5');
INSERT INTO "JobPositionQualification"
VALUES('JobPositionQualification-5','JobPosition-5','Competency-6');
INSERT INTO "JobPositionQualification"
VALUES('JobPositionQualification-6','JobPosition-6','Competency-7');

CREATE TABLE "JobPositionShift" (
	id VARCHAR(255) NOT NULL, 
	"JobPositionId" VARCHAR(255), 
	PRIMARY KEY (id)
);
INSERT INTO "JobPositionShift" VALUES('JobPositionShift-1','JobPosition-15');
INSERT INTO "JobPositionShift" VALUES('JobPositionShift-2','JobPosition-15');
INSERT INTO "JobPositionShift" VALUES('JobPositionShift-3','JobPosition-15');
INSERT INTO "JobPositionShift" VALUES('JobPositionShift-4','JobPosition-15');
INSERT INTO "JobPositionShift" VALUES('JobPositionShift-5','JobPosition-15');
INSERT INTO "JobPositionShift" VALUES('JobPositionShift-6','JobPosition-15');
INSERT INTO "JobPositionShift" VALUES('JobPositionShift-7','JobPosition-15');
INSERT INTO "JobPositionShift" VALUES('JobPositionShift-8','JobPosition-15');
INSERT INTO "JobPositionShift" VALUES('JobPositionShift-9','JobPosition-15');
INSERT INTO "JobPositionShift" VALUES('JobPositionShift-10','JobPosition-15');
INSERT INTO "JobPositionShift" VALUES('JobPositionShift-11','JobPosition-15');
INSERT INTO "JobPositionShift" VALUES('JobPositionShift-12','JobPosition-15');
INSERT INTO "JobPositionShift" VALUES('JobPositionShift-13','JobPosition-15');
INSERT INTO "JobPositionShift" VALUES('JobPositionShift-14','JobPosition-15');
INSERT INTO "JobPositionShift" VALUES('JobPositionShift-15','JobPosition-15');
INSERT INTO "JobPositionShift" VALUES('JobPositionShift-16','JobPosition-15');
INSERT INTO "JobPositionShift" VALUES('JobPositionShift-17','JobPosition-15');
INSERT INTO "JobPositionShift" VALUES('JobPositionShift-18','JobPosition-30');
INSERT INTO "JobPositionShift" VALUES('JobPositionShift-19','JobPosition-30');
INSERT INTO "JobPositionShift" VALUES('JobPositionShift-20','JobPosition-30');
INSERT INTO "JobPositionShift" VALUES('JobPositionShift-21','JobPosition-30');
INSERT INTO "JobPositionShift" VALUES('JobPositionShift-22','JobPosition-30');
INSERT INTO "JobPositionShift" VALUES('JobPositionShift-23','JobPosition-30');
INSERT INTO "JobPositionShift" VALUES('JobPositionShift-24','JobPosition-30');
INSERT INTO "JobPositionShift" VALUES('JobPositionShift-25','JobPosition-30');
INSERT INTO "JobPositionShift" VALUES('JobPositionShift-26','JobPosition-30');
INSERT INTO "JobPositionShift" VALUES('JobPositionShift-27','JobPosition-30');
INSERT INTO "JobPositionShift" VALUES('JobPositionShift-28','JobPosition-30');
INSERT INTO "JobPositionShift" VALUES('JobPositionShift-29','JobPosition-30');
INSERT INTO "JobPositionShift" VALUES('JobPositionShift-30','JobPosition-30');
INSERT INTO "JobPositionShift" VALUES('JobPositionShift-31','JobPosition-30');
INSERT INTO "JobPositionShift" VALUES('JobPositionShift-32','JobPosition-30');
INSERT INTO "JobPositionShift" VALUES('JobPositionShift-33','JobPosition-30');
INSERT INTO "JobPositionShift" VALUES('JobPositionShift-34','JobPosition-30');
INSERT INTO "JobPositionShift" VALUES('JobPositionShift-35','JobPosition-30');
INSERT INTO "JobPositionShift" VALUES('JobPositionShift-36','JobPosition-30');
INSERT INTO "JobPositionShift" VALUES('JobPositionShift-37','JobPosition-30');
INSERT INTO "JobPositionShift" VALUES('JobPositionShift-38','JobPosition-30');
INSERT INTO "JobPositionShift" VALUES('JobPositionShift-39','JobPosition-30');
INSERT INTO "JobPositionShift" VALUES('JobPositionShift-40','JobPosition-30');
INSERT INTO "JobPositionShift" VALUES('JobPositionShift-41','JobPosition-30');
INSERT INTO "JobPositionShift" VALUES('JobPositionShift-42','JobPosition-30');
INSERT INTO "JobPositionShift" VALUES('JobPositionShift-43','JobPosition-30');
INSERT INTO "JobPositionShift" VALUES('JobPositionShift-44','JobPosition-30');
INSERT INTO "JobPositionShift" VALUES('JobPositionShift-45','JobPosition-30');
INSERT INTO "JobPositionShift" VALUES('JobPositionShift-46','JobPosition-30');
INSERT INTO "JobPositionShift" VALUES('JobPositionShift-47','JobPosition-30');
INSERT INTO "JobPositionShift" VALUES('JobPositionShift-48','JobPosition-30');
INSERT INTO "JobPositionShift" VALUES('JobPositionShift-49','JobPosition-30');
INSERT INTO "JobPositionShift" VALUES('JobPositionShift-50','JobPosition-30');
INSERT INTO "JobPositionShift" VALUES('JobPositionShift-51','JobPosition-30');
INSERT INTO "JobPositionShift" VALUES('JobPositionShift-52','JobPosition-30');
INSERT INTO "JobPositionShift" VALUES('JobPositionShift-53','JobPosition-30');
INSERT INTO "JobPositionShift" VALUES('JobPositionShift-54','JobPosition-30');
INSERT INTO "JobPositionShift" VALUES('JobPositionShift-55','JobPosition-30');
INSERT INTO "JobPositionShift" VALUES('JobPositionShift-56','JobPosition-30');
INSERT INTO "JobPositionShift" VALUES('JobPositionShift-57','JobPosition-30');
INSERT INTO "JobPositionShift" VALUES('JobPositionShift-58','JobPosition-45');
INSERT INTO "JobPositionShift" VALUES('JobPositionShift-59','JobPosition-45');
INSERT INTO "JobPositionShift" VALUES('JobPositionShift-60','JobPosition-45');
INSERT INTO "JobPositionShift" VALUES('JobPositionShift-61','JobPosition-45');
INSERT INTO "JobPositionShift" VALUES('JobPositionShift-62','JobPosition-45');
INSERT INTO "JobPositionShift" VALUES('JobPositionShift-63','JobPosition-45');
INSERT INTO "JobPositionShift" VALUES('JobPositionShift-64','JobPosition-45');
INSERT INTO "JobPositionShift" VALUES('JobPositionShift-65','JobPosition-45');
INSERT INTO "JobPositionShift" VALUES('JobPositionShift-66','JobPosition-45');
INSERT INTO "JobPositionShift" VALUES('JobPositionShift-67','JobPosition-45');
INSERT INTO "JobPositionShift" VALUES('JobPositionShift-68','JobPosition-45');
INSERT INTO "JobPositionShift" VALUES('JobPositionShift-69','JobPosition-45');
INSERT INTO "JobPositionShift" VALUES('JobPositionShift-70','JobPosition-45');
INSERT INTO "JobPositionShift" VALUES('JobPositionShift-71','JobPosition-45');
INSERT INTO "JobPositionShift" VALUES('JobPositionShift-72','JobPosition-45');
INSERT INTO "JobPositionShift" VALUES('JobPositionShift-73','JobPosition-45');
INSERT INTO "JobPositionShift" VALUES('JobPositionShift-74','JobPosition-45');
INSERT INTO "JobPositionShift" VALUES('JobPositionShift-75','JobPosition-45');
INSERT INTO "JobPositionShift" VALUES('JobPositionShift-76','JobPosition-45');
INSERT INTO "JobPositionShift" VALUES('JobPositionShift-77','JobPosition-45');
INSERT INTO "JobPositionShift" VALUES('JobPositionShift-78','JobPosition-45');
INSERT INTO "JobPositionShift" VALUES('JobPositionShift-79','JobPosition-45');
INSERT INTO "JobPositionShift" VALUES('JobPositionShift-80','JobPosition-45');
INSERT INTO "JobPositionShift" VALUES('JobPositionShift-81','JobPosition-45');
INSERT INTO "JobPositionShift" VALUES('JobPositionShift-82','JobPosition-45');
INSERT INTO "JobPositionShift" VALUES('JobPositionShift-83','JobPosition-45');
INSERT INTO "JobPositionShift" VALUES('JobPositionShift-84','JobPosition-45');
INSERT INTO "JobPositionShift" VALUES('JobPositionShift-85','JobPosition-45');
INSERT INTO "JobPositionShift" VALUES('JobPositionShift-86','JobPosition-45');
INSERT INTO "JobPositionShift" VALUES('JobPositionShift-87','JobPosition-45');
INSERT INTO "JobPositionShift" VALUES('JobPositionShift-88','JobPosition-45');
INSERT INTO "JobPositionShift" VALUES('JobPositionShift-89','JobPosition-45');
INSERT INTO "JobPositionShift" VALUES('JobPositionShift-90','JobPosition-45');
INSERT INTO "JobPositionShift" VALUES('JobPositionShift-91','JobPosition-45');
INSERT INTO "JobPositionShift" VALUES('JobPositionShift-92','JobPosition-45');
INSERT INTO "JobPositionShift" VALUES('JobPositionShift-93','JobPosition-45');
INSERT INTO "JobPositionShift" VALUES('JobPositionShift-94','JobPosition-45');
INSERT INTO "JobPositionShift" VALUES('JobPositionShift-95','JobPosition-45');
INSERT INTO "JobPositionShift" VALUES('JobPositionShift-96','JobPosition-45');
INSERT INTO "JobPositionShift" VALUES('JobPositionShift-97','JobPosition-45');
INSERT INTO "JobPositionShift" VALUES('JobPositionShift-98','JobPosition-60');
INSERT INTO "JobPositionShift" VALUES('JobPositionShift-99','JobPosition-60');
INSERT INTO "JobPositionShift" VALUES('JobPositionShift-100','JobPosition-60');
INSERT INTO "JobPositionShift" VALUES('JobPositionShift-101','JobPosition-60');
INSERT INTO "JobPositionShift" VALUES('JobPositionShift-102','JobPosition-60');
INSERT INTO "JobPositionShift" VALUES('JobPositionShift-103','JobPosition-60');
INSERT INTO "JobPositionShift" VALUES('JobPositionShift-104','JobPosition-60');
INSERT INTO "JobPositionShift" VALUES('JobPositionShift-105','JobPosition-60');
INSERT INTO "JobPositionShift" VALUES('JobPositionShift-106','JobPosition-60');
INSERT INTO "JobPositionShift" VALUES('JobPositionShift-107','JobPosition-60');
INSERT INTO "JobPositionShift" VALUES('JobPositionShift-108','JobPosition-60');
INSERT INTO "JobPositionShift" VALUES('JobPositionShift-109','JobPosition-60');
INSERT INTO "JobPositionShift" VALUES('JobPositionShift-110','JobPosition-60');
INSERT INTO "JobPositionShift" VALUES('JobPositionShift-111','JobPosition-60');
INSERT INTO "JobPositionShift" VALUES('JobPositionShift-112','JobPosition-60');
INSERT INTO "JobPositionShift" VALUES('JobPositionShift-113','JobPosition-60');
INSERT INTO "JobPositionShift" VALUES('JobPositionShift-114','JobPosition-60');
INSERT INTO "JobPositionShift" VALUES('JobPositionShift-115','JobPosition-60');
INSERT INTO "JobPositionShift" VALUES('JobPositionShift-116','JobPosition-60');
INSERT INTO "JobPositionShift" VALUES('JobPositionShift-117','JobPosition-60');
INSERT INTO "JobPositionShift" VALUES('JobPositionShift-118','JobPosition-60');
INSERT INTO "JobPositionShift" VALUES('JobPositionShift-119','JobPosition-60');
INSERT INTO "JobPositionShift" VALUES('JobPositionShift-120','JobPosition-60');
INSERT INTO "JobPositionShift" VALUES('JobPositionShift-121','JobPosition-60');
INSERT INTO "JobPositionShift" VALUES('JobPositionShift-122','JobPosition-60');
INSERT INTO "JobPositionShift" VALUES('JobPositionShift-123','JobPosition-60');
INSERT INTO "JobPositionShift" VALUES('JobPositionShift-124','JobPosition-60');
INSERT INTO "JobPositionShift" VALUES('JobPositionShift-125','JobPosition-60');
INSERT INTO "JobPositionShift" VALUES('JobPositionShift-126','JobPosition-60');
INSERT INTO "JobPositionShift" VALUES('JobPositionShift-127','JobPosition-60');
INSERT INTO "JobPositionShift" VALUES('JobPositionShift-128','JobPosition-60');
INSERT INTO "JobPositionShift" VALUES('JobPositionShift-129','JobPosition-60');
INSERT INTO "JobPositionShift" VALUES('JobPositionShift-130','JobPosition-60');
INSERT INTO "JobPositionShift" VALUES('JobPositionShift-131','JobPosition-60');
INSERT INTO "JobPositionShift" VALUES('JobPositionShift-132','JobPosition-60');
INSERT INTO "JobPositionShift" VALUES('JobPositionShift-133','JobPosition-60');
INSERT INTO "JobPositionShift" VALUES('JobPositionShift-134','JobPosition-60');
INSERT INTO "JobPositionShift" VALUES('JobPositionShift-135','JobPosition-60');
INSERT INTO "JobPositionShift" VALUES('JobPositionShift-136','JobPosition-60');
INSERT INTO "JobPositionShift" VALUES('JobPositionShift-137','JobPosition-60');
INSERT INTO "JobPositionShift" VALUES('JobPositionShift-138','JobPosition-75');
INSERT INTO "JobPositionShift" VALUES('JobPositionShift-139','JobPosition-75');
INSERT INTO "JobPositionShift" VALUES('JobPositionShift-140','JobPosition-75');
INSERT INTO "JobPositionShift" VALUES('JobPositionShift-141','JobPosition-75');
INSERT INTO "JobPositionShift" VALUES('JobPositionShift-142','JobPosition-75');
INSERT INTO "JobPositionShift" VALUES('JobPositionShift-143','JobPosition-75');
INSERT INTO "JobPositionShift" VALUES('JobPositionShift-144','JobPosition-75');
INSERT INTO "JobPositionShift" VALUES('JobPositionShift-145','JobPosition-75');
INSERT INTO "JobPositionShift" VALUES('JobPositionShift-146','JobPosition-75');
INSERT INTO "JobPositionShift" VALUES('JobPositionShift-147','JobPosition-75');
INSERT INTO "JobPositionShift" VALUES('JobPositionShift-148','JobPosition-75');
INSERT INTO "JobPositionShift" VALUES('JobPositionShift-149','JobPosition-75');
INSERT INTO "JobPositionShift" VALUES('JobPositionShift-150','JobPosition-75');
INSERT INTO "JobPositionShift" VALUES('JobPositionShift-151','JobPosition-75');
INSERT INTO "JobPositionShift" VALUES('JobPositionShift-152','JobPosition-75');
INSERT INTO "JobPositionShift" VALUES('JobPositionShift-153','JobPosition-75');
INSERT INTO "JobPositionShift" VALUES('JobPositionShift-154','JobPosition-75');
INSERT INTO "JobPositionShift" VALUES('JobPositionShift-155','JobPosition-75');
INSERT INTO "JobPositionShift" VALUES('JobPositionShift-156','JobPosition-75');
INSERT INTO "JobPositionShift" VALUES('JobPositionShift-157','JobPosition-75');
INSERT INTO "JobPositionShift" VALUES('JobPositionShift-158','JobPosition-75');
INSERT INTO "JobPositionShift" VALUES('JobPositionShift-159','JobPosition-75');
INSERT INTO "JobPositionShift" VALUES('JobPositionShift-160','JobPosition-75');
INSERT INTO "JobPositionShift" VALUES('JobPositionShift-161','JobPosition-75');
INSERT INTO "JobPositionShift" VALUES('JobPositionShift-162','JobPosition-75');
INSERT INTO "JobPositionShift" VALUES('JobPositionShift-163','JobPosition-75');
INSERT INTO "JobPositionShift" VALUES('JobPositionShift-164','JobPosition-75');
INSERT INTO "JobPositionShift" VALUES('JobPositionShift-165','JobPosition-75');
INSERT INTO "JobPositionShift" VALUES('JobPositionShift-166','JobPosition-75');
INSERT INTO "JobPositionShift" VALUES('JobPositionShift-167','JobPosition-75');
INSERT INTO "JobPositionShift" VALUES('JobPositionShift-168','JobPosition-75');
INSERT INTO "JobPositionShift" VALUES('JobPositionShift-169','JobPosition-75');
INSERT INTO "JobPositionShift" VALUES('JobPositionShift-170','JobPosition-75');
INSERT INTO "JobPositionShift" VALUES('JobPositionShift-171','JobPosition-75');
INSERT INTO "JobPositionShift" VALUES('JobPositionShift-172','JobPosition-75');
INSERT INTO "JobPositionShift" VALUES('JobPositionShift-173','JobPosition-75');
INSERT INTO "JobPositionShift" VALUES('JobPositionShift-174','JobPosition-75');
INSERT INTO "JobPositionShift" VALUES('JobPositionShift-175','JobPosition-75');
INSERT INTO "JobPositionShift" VALUES('JobPositionShift-176','JobPosition-75');
INSERT INTO "JobPositionShift" VALUES('JobPositionShift-177','JobPosition-75');
INSERT INTO "JobPositionShift" VALUES('JobPositionShift-178','JobPosition-90');
INSERT INTO "JobPositionShift" VALUES('JobPositionShift-179','JobPosition-90');
INSERT INTO "JobPositionShift" VALUES('JobPositionShift-180','JobPosition-90');
INSERT INTO "JobPositionShift" VALUES('JobPositionShift-181','JobPosition-90');
INSERT INTO "JobPositionShift" VALUES('JobPositionShift-182','JobPosition-90');
INSERT INTO "JobPositionShift" VALUES('JobPositionShift-183','JobPosition-90');
INSERT INTO "JobPositionShift" VALUES('JobPositionShift-184','JobPosition-90');
INSERT INTO "JobPositionShift" VALUES('JobPositionShift-185','JobPosition-90');
INSERT INTO "JobPositionShift" VALUES('JobPositionShift-186','JobPosition-90');
INSERT INTO "JobPositionShift" VALUES('JobPositionShift-187','JobPosition-90');
INSERT INTO "JobPositionShift" VALUES('JobPositionShift-188','JobPosition-90');
INSERT INTO "JobPositionShift" VALUES('JobPositionShift-189','JobPosition-90');
INSERT INTO "JobPositionShift" VALUES('JobPositionShift-190','JobPosition-90');
INSERT INTO "JobPositionShift" VALUES('JobPositionShift-191','JobPosition-90');
INSERT INTO "JobPositionShift" VALUES('JobPositionShift-192','JobPosition-90');
INSERT INTO "JobPositionShift" VALUES('JobPositionShift-193','JobPosition-90');
INSERT INTO "JobPositionShift" VALUES('JobPositionShift-194','JobPosition-90');
INSERT INTO "JobPositionShift" VALUES('JobPositionShift-195','JobPosition-90');
INSERT INTO "JobPositionShift" VALUES('JobPositionShift-196','JobPosition-90');
INSERT INTO "JobPositionShift" VALUES('JobPositionShift-197','JobPosition-90');
INSERT INTO "JobPositionShift" VALUES('JobPositionShift-198','JobPosition-90');
INSERT INTO "JobPositionShift" VALUES('JobPositionShift-199','JobPosition-90');
INSERT INTO "JobPositionShift" VALUES('JobPositionShift-200','JobPosition-90');
INSERT INTO "JobPositionShift" VALUES('JobPositionShift-201','JobPosition-90');
INSERT INTO "JobPositionShift" VALUES('JobPositionShift-202','JobPosition-90');
INSERT INTO "JobPositionShift" VALUES('JobPositionShift-203','JobPosition-90');
INSERT INTO "JobPositionShift" VALUES('JobPositionShift-204','JobPosition-90');
INSERT INTO "JobPositionShift" VALUES('JobPositionShift-205','JobPosition-90');
INSERT INTO "JobPositionShift" VALUES('JobPositionShift-206','JobPosition-90');
INSERT INTO "JobPositionShift" VALUES('JobPositionShift-207','JobPosition-90');
INSERT INTO "JobPositionShift" VALUES('JobPositionShift-208','JobPosition-90');
INSERT INTO "JobPositionShift" VALUES('JobPositionShift-209','JobPosition-90');
INSERT INTO "JobPositionShift" VALUES('JobPositionShift-210','JobPosition-90');
INSERT INTO "JobPositionShift" VALUES('JobPositionShift-211','JobPosition-90');
INSERT INTO "JobPositionShift" VALUES('JobPositionShift-212','JobPosition-90');
INSERT INTO "JobPositionShift" VALUES('JobPositionShift-213','JobPosition-90');
INSERT INTO "JobPositionShift" VALUES('JobPositionShift-214','JobPosition-90');
INSERT INTO "JobPositionShift" VALUES('JobPositionShift-215','JobPosition-90');
INSERT INTO "JobPositionShift" VALUES('JobPositionShift-216','JobPosition-90');
INSERT INTO "JobPositionShift" VALUES('JobPositionShift-217','JobPosition-90');
INSERT INTO "JobPositionShift" VALUES('JobPositionShift-218','JobPosition-105');
INSERT INTO "JobPositionShift" VALUES('JobPositionShift-219','JobPosition-105');
INSERT INTO "JobPositionShift" VALUES('JobPositionShift-220','JobPosition-105');
INSERT INTO "JobPositionShift" VALUES('JobPositionShift-221','JobPosition-105');
INSERT INTO "JobPositionShift" VALUES('JobPositionShift-222','JobPosition-105');
INSERT INTO "JobPositionShift" VALUES('JobPositionShift-223','JobPosition-105');
INSERT INTO "JobPositionShift" VALUES('JobPositionShift-224','JobPosition-105');
INSERT INTO "JobPositionShift" VALUES('JobPositionShift-225','JobPosition-105');
INSERT INTO "JobPositionShift" VALUES('JobPositionShift-226','JobPosition-105');
INSERT INTO "JobPositionShift" VALUES('JobPositionShift-227','JobPosition-105');
INSERT INTO "JobPositionShift" VALUES('JobPositionShift-228','JobPosition-105');
INSERT INTO "JobPositionShift" VALUES('JobPositionShift-229','JobPosition-105');
INSERT INTO "JobPositionShift" VALUES('JobPositionShift-230','JobPosition-105');
INSERT INTO "JobPositionShift" VALUES('JobPositionShift-231','JobPosition-105');
INSERT INTO "JobPositionShift" VALUES('JobPositionShift-232','JobPosition-105');
INSERT INTO "JobPositionShift" VALUES('JobPositionShift-233','JobPosition-105');
INSERT INTO "JobPositionShift" VALUES('JobPositionShift-234','JobPosition-105');
INSERT INTO "JobPositionShift" VALUES('JobPositionShift-235','JobPosition-105');
INSERT INTO "JobPositionShift" VALUES('JobPositionShift-236','JobPosition-105');
INSERT INTO "JobPositionShift" VALUES('JobPositionShift-237','JobPosition-105');
INSERT INTO "JobPositionShift" VALUES('JobPositionShift-238','JobPosition-105');
INSERT INTO "JobPositionShift" VALUES('JobPositionShift-239','JobPosition-105');
INSERT INTO "JobPositionShift" VALUES('JobPositionShift-240','JobPosition-105');
INSERT INTO "JobPositionShift" VALUES('JobPositionShift-241','JobPosition-105');
INSERT INTO "JobPositionShift" VALUES('JobPositionShift-242','JobPosition-105');
INSERT INTO "JobPositionShift" VALUES('JobPositionShift-243','JobPosition-105');
INSERT INTO "JobPositionShift" VALUES('JobPositionShift-244','JobPosition-105');
INSERT INTO "JobPositionShift" VALUES('JobPositionShift-245','JobPosition-105');
INSERT INTO "JobPositionShift" VALUES('JobPositionShift-246','JobPosition-105');
INSERT INTO "JobPositionShift" VALUES('JobPositionShift-247','JobPosition-105');
INSERT INTO "JobPositionShift" VALUES('JobPositionShift-248','JobPosition-105');
INSERT INTO "JobPositionShift" VALUES('JobPositionShift-249','JobPosition-105');
INSERT INTO "JobPositionShift" VALUES('JobPositionShift-250','JobPosition-105');
INSERT INTO "JobPositionShift" VALUES('JobPositionShift-251','JobPosition-105');
INSERT INTO "JobPositionShift" VALUES('JobPositionShift-252','JobPosition-105');
INSERT INTO "JobPositionShift" VALUES('JobPositionShift-253','JobPosition-105');
INSERT INTO "JobPositionShift" VALUES('JobPositionShift-254','JobPosition-105');
INSERT INTO "JobPositionShift" VALUES('JobPositionShift-255','JobPosition-105');
INSERT INTO "JobPositionShift" VALUES('JobPositionShift-256','JobPosition-105');
INSERT INTO "JobPositionShift" VALUES('JobPositionShift-257','JobPosition-105');
INSERT INTO "JobPositionShift" VALUES('JobPositionShift-258','JobPosition-120');
INSERT INTO "JobPositionShift" VALUES('JobPositionShift-259','JobPosition-120');
INSERT INTO "JobPositionShift" VALUES('JobPositionShift-260','JobPosition-120');
INSERT INTO "JobPositionShift" VALUES('JobPositionShift-261','JobPosition-120');
INSERT INTO "JobPositionShift" VALUES('JobPositionShift-262','JobPosition-120');
INSERT INTO "JobPositionShift" VALUES('JobPositionShift-263','JobPosition-120');
INSERT INTO "JobPositionShift" VALUES('JobPositionShift-264','JobPosition-120');
INSERT INTO "JobPositionShift" VALUES('JobPositionShift-265','JobPosition-120');
INSERT INTO "JobPositionShift" VALUES('JobPositionShift-266','JobPosition-120');
INSERT INTO "JobPositionShift" VALUES('JobPositionShift-267','JobPosition-120');
INSERT INTO "JobPositionShift" VALUES('JobPositionShift-268','JobPosition-120');
INSERT INTO "JobPositionShift" VALUES('JobPositionShift-269','JobPosition-120');
INSERT INTO "JobPositionShift" VALUES('JobPositionShift-270','JobPosition-120');
INSERT INTO "JobPositionShift" VALUES('JobPositionShift-271','JobPosition-120');
INSERT INTO "JobPositionShift" VALUES('JobPositionShift-272','JobPosition-120');
INSERT INTO "JobPositionShift" VALUES('JobPositionShift-273','JobPosition-120');
INSERT INTO "JobPositionShift" VALUES('JobPositionShift-274','JobPosition-120');
INSERT INTO "JobPositionShift" VALUES('JobPositionShift-275','JobPosition-120');
INSERT INTO "JobPositionShift" VALUES('JobPositionShift-276','JobPosition-120');
INSERT INTO "JobPositionShift" VALUES('JobPositionShift-277','JobPosition-120');
INSERT INTO "JobPositionShift" VALUES('JobPositionShift-278','JobPosition-120');
INSERT INTO "JobPositionShift" VALUES('JobPositionShift-279','JobPosition-120');
INSERT INTO "JobPositionShift" VALUES('JobPositionShift-280','JobPosition-120');
INSERT INTO "JobPositionShift" VALUES('JobPositionShift-281','JobPosition-120');
INSERT INTO "JobPositionShift" VALUES('JobPositionShift-282','JobPosition-120');
INSERT INTO "JobPositionShift" VALUES('JobPositionShift-283','JobPosition-120');
INSERT INTO "JobPositionShift" VALUES('JobPositionShift-284','JobPosition-120');
INSERT INTO "JobPositionShift" VALUES('JobPositionShift-285','JobPosition-120');
INSERT INTO "JobPositionShift" VALUES('JobPositionShift-286','JobPosition-120');
INSERT INTO "JobPositionShift" VALUES('JobPositionShift-287','JobPosition-120');
INSERT INTO "JobPositionShift" VALUES('JobPositionShift-288','JobPosition-120');
INSERT INTO "JobPositionShift" VALUES('JobPositionShift-289','JobPosition-120');
INSERT INTO "JobPositionShift" VALUES('JobPositionShift-290','JobPosition-120');
INSERT INTO "JobPositionShift" VALUES('JobPositionShift-291','JobPosition-120');
INSERT INTO "JobPositionShift" VALUES('JobPositionShift-292','JobPosition-120');
INSERT INTO "JobPositionShift" VALUES('JobPositionShift-293','JobPosition-120');
INSERT INTO "JobPositionShift" VALUES('JobPositionShift-294','JobPosition-120');
INSERT INTO "JobPositionShift" VALUES('JobPositionShift-295','JobPosition-120');
INSERT INTO "JobPositionShift" VALUES('JobPositionShift-296','JobPosition-120');
INSERT INTO "JobPositionShift" VALUES('JobPositionShift-297','JobPosition-120');
CREATE TABLE "Location" (
	id VARCHAR(255) NOT NULL, 
	"IsInventoryLocation" VARCHAR(255), 
	"IsMobile" VARCHAR(255), 
	"LocationType" VARCHAR(255), 
	"Name" VARCHAR(255), 
	"ShouldSyncWithOci" VARCHAR(255), 
	"AccountId" VARCHAR(255), 
	"ParentLocationId" VARCHAR(255), 
	PRIMARY KEY (id)
);
INSERT INTO "Location" VALUES('Location-1','False','False','Warehouse','Reid and Sons','False','','');
INSERT INTO "Location" VALUES('Location-2','False','False','Warehouse','Wilkinson LLC','False','','');
INSERT INTO "Location" VALUES('Location-3','False','False','Warehouse','Holmes-Cantu','False','','');
INSERT INTO "Location" VALUES('Location-4','False','False','Warehouse','Callahan, Salazar and Rollins','False','','');
INSERT INTO "Location" VALUES('Location-5','False','False','Warehouse','Valencia-Burnett','False','','');
INSERT INTO "Location" VALUES('Location-6','False','False','Warehouse','Davila, Hudson and Burton','False','','');
INSERT INTO "Location" VALUES('Location-7','False','False','Warehouse','Griffin, Cervantes and Mclean','False','','');
INSERT INTO "Location" VALUES('Location-8','False','False','Warehouse','Mclaughlin, Aguirre and Herman','False','','');
INSERT INTO "Location" VALUES('Location-9','False','False','Warehouse','Mcneil-Mcintyre','False','','');
INSERT INTO "Location" VALUES('Location-10','False','False','Warehouse','Bonilla and Sons','False','','');
INSERT INTO "Location" VALUES('Location-11','False','False','Warehouse','Ferguson-Gray','False','','');
INSERT INTO "Location" VALUES('Location-12','False','False','Warehouse','Fitzpatrick Ltd','False','','');
INSERT INTO "Location" VALUES('Location-13','False','False','Warehouse','Day-Pearson','False','','');
INSERT INTO "Location" VALUES('Location-14','False','False','Warehouse','Campbell-Cooke','False','','');
INSERT INTO "Location" VALUES('Location-15','False','False','Warehouse','Ware, Goodman and Donaldson','False','','');
INSERT INTO "Location" VALUES('Location-16','False','False','Warehouse','Haas-Macdonald','False','','');
INSERT INTO "Location" VALUES('Location-17','False','False','Warehouse','Mays-Patterson','False','','');
INSERT INTO "Location" VALUES('Location-18','False','False','Warehouse','Franklin, Miller and Bautista','False','','');
INSERT INTO "Location" VALUES('Location-19','False','False','Warehouse','Wheeler and Sons','False','','');
INSERT INTO "Location" VALUES('Location-20','False','False','Warehouse','Barton-Conway','False','','');
INSERT INTO "Location" VALUES('Location-21','False','False','Warehouse','Oconnor, Moody and Deleon','False','','');
INSERT INTO "Location" VALUES('Location-22','False','False','Warehouse','Webb and Sons','False','','');
INSERT INTO "Location" VALUES('Location-23','False','False','Warehouse','Henderson-Wall','False','','');
INSERT INTO "Location" VALUES('Location-24','False','False','Warehouse','Avery-Conrad','False','','');
INSERT INTO "Location" VALUES('Location-25','False','False','Warehouse','Meza, Melendez and Kelly','False','','');
INSERT INTO "Location" VALUES('Location-26','False','False','Warehouse','Bentley-Mcfarland','False','','');
INSERT INTO "Location" VALUES('Location-27','False','False','Warehouse','Rollins-Estrada','False','','');
INSERT INTO "Location" VALUES('Location-28','False','False','Warehouse','Jackson-Baldwin','False','','');
INSERT INTO "Location" VALUES('Location-29','False','False','Warehouse','Cervantes-Strickland','False','','');
INSERT INTO "Location" VALUES('Location-30','False','False','Warehouse','Mcguire, Thomas and Rivas','False','','');
INSERT INTO "Location" VALUES('Location-31','False','False','Warehouse','Stanley Inc','False','','');
INSERT INTO "Location" VALUES('Location-32','False','False','Warehouse','Craig, Malone and Burgess','False','','');
INSERT INTO "Location" VALUES('Location-33','False','False','Warehouse','Heath Ltd','False','','');
INSERT INTO "Location" VALUES('Location-34','False','False','Warehouse','Shea, Solomon and Morales','False','','');
INSERT INTO "Location" VALUES('Location-35','False','False','Warehouse','Sellers, Maldonado and Maldonado','False','','');
INSERT INTO "Location" VALUES('Location-36','False','False','Warehouse','Nixon-Terry','False','','');
INSERT INTO "Location" VALUES('Location-37','False','False','Warehouse','Kaufman Group','False','','');
INSERT INTO "Location" VALUES('Location-38','False','False','Warehouse','Stevenson Group','False','','');
INSERT INTO "Location" VALUES('Location-39','False','False','Warehouse','Williams-Cross','False','','');
INSERT INTO "Location" VALUES('Location-40','False','False','Warehouse','Rowe Ltd','False','','');
CREATE TABLE "OperatingHours" (
	id VARCHAR(255) NOT NULL, 
	"Name" VARCHAR(255), 
	"TimeZone" VARCHAR(255), 
	PRIMARY KEY (id)
);
INSERT INTO "OperatingHours" VALUES('OperatingHours-1','Exclusive encompassing synergy','America/Los_Angeles');
INSERT INTO "OperatingHours" VALUES('OperatingHours-2','Down-sized bandwidth-monitored hierarchy','America/Los_Angeles');
INSERT INTO "OperatingHours" VALUES('OperatingHours-3','Multi-lateral neutral budgetary management','America/Los_Angeles');
INSERT INTO "OperatingHours" VALUES('OperatingHours-4','Expanded discrete help-desk','America/Los_Angeles');
INSERT INTO "OperatingHours" VALUES('OperatingHours-5','Open-architected client-server Internet solution','America/Los_Angeles');
INSERT INTO "OperatingHours" VALUES('OperatingHours-6','Switchable 24hour artificial intelligence','America/Los_Angeles');
INSERT INTO "OperatingHours" VALUES('OperatingHours-7','Networked scalable intranet','America/Los_Angeles');
INSERT INTO "OperatingHours" VALUES('OperatingHours-8','Organic tertiary application','America/Los_Angeles');
INSERT INTO "OperatingHours" VALUES('OperatingHours-9','Cross-platform bottom-line benchmark','America/Los_Angeles');
INSERT INTO "OperatingHours" VALUES('OperatingHours-10','Up-sized impactful hardware','America/Los_Angeles');
INSERT INTO "OperatingHours" VALUES('OperatingHours-11','Open-source zero-defect service-desk','America/Los_Angeles');
INSERT INTO "OperatingHours" VALUES('OperatingHours-12','Implemented homogeneous customer loyalty','America/Los_Angeles');
INSERT INTO "OperatingHours" VALUES('OperatingHours-13','Vision-oriented 3rdgeneration pricing structure','America/Los_Angeles');
INSERT INTO "OperatingHours" VALUES('OperatingHours-14','Networked leadingedge productivity','America/Los_Angeles');
INSERT INTO "OperatingHours" VALUES('OperatingHours-15','Function-based stable projection','America/Los_Angeles');
INSERT INTO "OperatingHours" VALUES('OperatingHours-16','Mandatory heuristic hardware','America/Los_Angeles');
INSERT INTO "OperatingHours" VALUES('OperatingHours-17','Universal bandwidth-monitored productivity','America/Los_Angeles');
INSERT INTO "OperatingHours" VALUES('OperatingHours-18','Configurable executive Internet solution','America/Los_Angeles');
INSERT INTO "OperatingHours" VALUES('OperatingHours-19','Front-line eco-centric Graphic Interface','America/Los_Angeles');
INSERT INTO "OperatingHours" VALUES('OperatingHours-20','Horizontal grid-enabled support','America/Los_Angeles');
INSERT INTO "OperatingHours" VALUES('OperatingHours-21','Reverse-engineered national Local Area Network','America/Los_Angeles');
INSERT INTO "OperatingHours" VALUES('OperatingHours-22','Optimized local projection','America/Los_Angeles');
INSERT INTO "OperatingHours" VALUES('OperatingHours-23','Realigned tertiary Graphic Interface','America/Los_Angeles');
INSERT INTO "OperatingHours" VALUES('OperatingHours-24','Progressive clear-thinking moderator','America/Los_Angeles');
INSERT INTO "OperatingHours" VALUES('OperatingHours-25','Optional clear-thinking model','America/Los_Angeles');
CREATE TABLE "PersonLocationAvailability" (
	id VARCHAR(255) NOT NULL, 
	"UsageType" VARCHAR(255), 
	"AccountId" VARCHAR(255), 
	"LocationId" VARCHAR(255), 
	"OperatingHoursId" VARCHAR(255), 
	PRIMARY KEY (id)
);
INSERT INTO "PersonLocationAvailability" VALUES('PersonLocationAvailability-1','VolunteerManagement','Account-270','Location-16','OperatingHours-5');
INSERT INTO "PersonLocationAvailability" VALUES('PersonLocationAvailability-2','VolunteerManagement','Account-270','Location-16','OperatingHours-5');
INSERT INTO "PersonLocationAvailability" VALUES('PersonLocationAvailability-3','VolunteerManagement','Account-270','Location-16','OperatingHours-5');
INSERT INTO "PersonLocationAvailability" VALUES('PersonLocationAvailability-4','VolunteerManagement','Account-270','Location-16','OperatingHours-5');
INSERT INTO "PersonLocationAvailability" VALUES('PersonLocationAvailability-5','VolunteerManagement','Account-270','Location-16','OperatingHours-5');
INSERT INTO "PersonLocationAvailability" VALUES('PersonLocationAvailability-6','VolunteerManagement','Account-270','Location-16','OperatingHours-5');
INSERT INTO "PersonLocationAvailability" VALUES('PersonLocationAvailability-7','VolunteerManagement','Account-270','Location-16','OperatingHours-5');
INSERT INTO "PersonLocationAvailability" VALUES('PersonLocationAvailability-8','VolunteerManagement','Account-270','Location-16','OperatingHours-5');
INSERT INTO "PersonLocationAvailability" VALUES('PersonLocationAvailability-9','VolunteerManagement','Account-270','Location-16','OperatingHours-5');
INSERT INTO "PersonLocationAvailability" VALUES('PersonLocationAvailability-10','VolunteerManagement','Account-270','Location-16','OperatingHours-5');
INSERT INTO "PersonLocationAvailability" VALUES('PersonLocationAvailability-11','VolunteerManagement','Account-270','Location-16','OperatingHours-5');
INSERT INTO "PersonLocationAvailability" VALUES('PersonLocationAvailability-12','VolunteerManagement','Account-270','Location-16','OperatingHours-5');
INSERT INTO "PersonLocationAvailability" VALUES('PersonLocationAvailability-13','VolunteerManagement','Account-270','Location-16','OperatingHours-5');
INSERT INTO "PersonLocationAvailability" VALUES('PersonLocationAvailability-14','VolunteerManagement','Account-270','Location-16','OperatingHours-5');
INSERT INTO "PersonLocationAvailability" VALUES('PersonLocationAvailability-15','VolunteerManagement','Account-270','Location-16','OperatingHours-5');
INSERT INTO "PersonLocationAvailability" VALUES('PersonLocationAvailability-16','VolunteerManagement','Account-270','Location-16','OperatingHours-5');
INSERT INTO "PersonLocationAvailability" VALUES('PersonLocationAvailability-17','VolunteerManagement','Account-270','Location-16','OperatingHours-5');
INSERT INTO "PersonLocationAvailability" VALUES('PersonLocationAvailability-18','VolunteerManagement','Account-270','Location-16','OperatingHours-5');
INSERT INTO "PersonLocationAvailability" VALUES('PersonLocationAvailability-19','VolunteerManagement','Account-270','Location-16','OperatingHours-5');
INSERT INTO "PersonLocationAvailability" VALUES('PersonLocationAvailability-20','VolunteerManagement','Account-270','Location-16','OperatingHours-5');
INSERT INTO "PersonLocationAvailability" VALUES('PersonLocationAvailability-21','VolunteerManagement','Account-270','Location-16','OperatingHours-5');
INSERT INTO "PersonLocationAvailability" VALUES('PersonLocationAvailability-22','VolunteerManagement','Account-270','Location-16','OperatingHours-5');
INSERT INTO "PersonLocationAvailability" VALUES('PersonLocationAvailability-23','VolunteerManagement','Account-270','Location-16','OperatingHours-5');
INSERT INTO "PersonLocationAvailability" VALUES('PersonLocationAvailability-24','VolunteerManagement','Account-270','Location-16','OperatingHours-5');
INSERT INTO "PersonLocationAvailability" VALUES('PersonLocationAvailability-25','VolunteerManagement','Account-270','Location-16','OperatingHours-5');
INSERT INTO "PersonLocationAvailability" VALUES('PersonLocationAvailability-26','VolunteerManagement','Account-270','Location-16','OperatingHours-5');
INSERT INTO "PersonLocationAvailability" VALUES('PersonLocationAvailability-27','VolunteerManagement','Account-270','Location-16','OperatingHours-5');
INSERT INTO "PersonLocationAvailability" VALUES('PersonLocationAvailability-28','VolunteerManagement','Account-270','Location-16','OperatingHours-5');
INSERT INTO "PersonLocationAvailability" VALUES('PersonLocationAvailability-29','VolunteerManagement','Account-270','Location-16','OperatingHours-5');
INSERT INTO "PersonLocationAvailability" VALUES('PersonLocationAvailability-30','VolunteerManagement','Account-270','Location-16','OperatingHours-5');
INSERT INTO "PersonLocationAvailability" VALUES('PersonLocationAvailability-31','VolunteerManagement','Account-270','Location-16','OperatingHours-5');
INSERT INTO "PersonLocationAvailability" VALUES('PersonLocationAvailability-32','VolunteerManagement','Account-270','Location-16','OperatingHours-5');
INSERT INTO "PersonLocationAvailability" VALUES('PersonLocationAvailability-33','VolunteerManagement','Account-270','Location-16','OperatingHours-5');
INSERT INTO "PersonLocationAvailability" VALUES('PersonLocationAvailability-34','VolunteerManagement','Account-270','Location-16','OperatingHours-5');
INSERT INTO "PersonLocationAvailability" VALUES('PersonLocationAvailability-35','VolunteerManagement','Account-270','Location-16','OperatingHours-5');
INSERT INTO "PersonLocationAvailability" VALUES('PersonLocationAvailability-36','VolunteerManagement','Account-270','Location-16','OperatingHours-5');
INSERT INTO "PersonLocationAvailability" VALUES('PersonLocationAvailability-37','VolunteerManagement','Account-270','Location-16','OperatingHours-5');
INSERT INTO "PersonLocationAvailability" VALUES('PersonLocationAvailability-38','VolunteerManagement','Account-270','Location-16','OperatingHours-5');
INSERT INTO "PersonLocationAvailability" VALUES('PersonLocationAvailability-39','VolunteerManagement','Account-270','Location-16','OperatingHours-5');
INSERT INTO "PersonLocationAvailability" VALUES('PersonLocationAvailability-40','VolunteerManagement','Account-270','Location-16','OperatingHours-5');
INSERT INTO "PersonLocationAvailability" VALUES('PersonLocationAvailability-41','VolunteerManagement','Account-30','Location-40','OperatingHours-25');
INSERT INTO "PersonLocationAvailability" VALUES('PersonLocationAvailability-42','VolunteerManagement','Account-30','Location-40','OperatingHours-25');
INSERT INTO "PersonLocationAvailability" VALUES('PersonLocationAvailability-43','VolunteerManagement','Account-30','Location-40','OperatingHours-25');
INSERT INTO "PersonLocationAvailability" VALUES('PersonLocationAvailability-44','VolunteerManagement','Account-30','Location-40','OperatingHours-25');
INSERT INTO "PersonLocationAvailability" VALUES('PersonLocationAvailability-45','VolunteerManagement','Account-30','Location-40','OperatingHours-25');
INSERT INTO "PersonLocationAvailability" VALUES('PersonLocationAvailability-46','VolunteerManagement','Account-30','Location-40','OperatingHours-25');
INSERT INTO "PersonLocationAvailability" VALUES('PersonLocationAvailability-47','VolunteerManagement','Account-30','Location-40','OperatingHours-25');
INSERT INTO "PersonLocationAvailability" VALUES('PersonLocationAvailability-48','VolunteerManagement','Account-30','Location-40','OperatingHours-25');
INSERT INTO "PersonLocationAvailability" VALUES('PersonLocationAvailability-49','VolunteerManagement','Account-30','Location-40','OperatingHours-25');
INSERT INTO "PersonLocationAvailability" VALUES('PersonLocationAvailability-50','VolunteerManagement','Account-30','Location-40','OperatingHours-25');
INSERT INTO "PersonLocationAvailability" VALUES('PersonLocationAvailability-51','VolunteerManagement','Account-30','Location-40','OperatingHours-25');
INSERT INTO "PersonLocationAvailability" VALUES('PersonLocationAvailability-52','VolunteerManagement','Account-30','Location-40','OperatingHours-25');
INSERT INTO "PersonLocationAvailability" VALUES('PersonLocationAvailability-53','VolunteerManagement','Account-30','Location-40','OperatingHours-25');
INSERT INTO "PersonLocationAvailability" VALUES('PersonLocationAvailability-54','VolunteerManagement','Account-30','Location-40','OperatingHours-25');
INSERT INTO "PersonLocationAvailability" VALUES('PersonLocationAvailability-55','VolunteerManagement','Account-30','Location-40','OperatingHours-25');
INSERT INTO "PersonLocationAvailability" VALUES('PersonLocationAvailability-56','VolunteerManagement','Account-30','Location-40','OperatingHours-25');
INSERT INTO "PersonLocationAvailability" VALUES('PersonLocationAvailability-57','VolunteerManagement','Account-30','Location-40','OperatingHours-25');
INSERT INTO "PersonLocationAvailability" VALUES('PersonLocationAvailability-58','VolunteerManagement','Account-30','Location-40','OperatingHours-25');
INSERT INTO "PersonLocationAvailability" VALUES('PersonLocationAvailability-59','VolunteerManagement','Account-30','Location-40','OperatingHours-25');
INSERT INTO "PersonLocationAvailability" VALUES('PersonLocationAvailability-60','VolunteerManagement','Account-30','Location-40','OperatingHours-25');
INSERT INTO "PersonLocationAvailability" VALUES('PersonLocationAvailability-61','VolunteerManagement','Account-30','Location-40','OperatingHours-25');
INSERT INTO "PersonLocationAvailability" VALUES('PersonLocationAvailability-62','VolunteerManagement','Account-30','Location-40','OperatingHours-25');
INSERT INTO "PersonLocationAvailability" VALUES('PersonLocationAvailability-63','VolunteerManagement','Account-30','Location-40','OperatingHours-25');
INSERT INTO "PersonLocationAvailability" VALUES('PersonLocationAvailability-64','VolunteerManagement','Account-30','Location-40','OperatingHours-25');
INSERT INTO "PersonLocationAvailability" VALUES('PersonLocationAvailability-65','VolunteerManagement','Account-30','Location-40','OperatingHours-25');
INSERT INTO "PersonLocationAvailability" VALUES('PersonLocationAvailability-66','VolunteerManagement','Account-30','Location-40','OperatingHours-25');
INSERT INTO "PersonLocationAvailability" VALUES('PersonLocationAvailability-67','VolunteerManagement','Account-30','Location-40','OperatingHours-25');
INSERT INTO "PersonLocationAvailability" VALUES('PersonLocationAvailability-68','VolunteerManagement','Account-30','Location-40','OperatingHours-25');
INSERT INTO "PersonLocationAvailability" VALUES('PersonLocationAvailability-69','VolunteerManagement','Account-30','Location-40','OperatingHours-25');
INSERT INTO "PersonLocationAvailability" VALUES('PersonLocationAvailability-70','VolunteerManagement','Account-30','Location-40','OperatingHours-25');
INSERT INTO "PersonLocationAvailability" VALUES('PersonLocationAvailability-71','VolunteerManagement','Account-30','Location-40','OperatingHours-25');
INSERT INTO "PersonLocationAvailability" VALUES('PersonLocationAvailability-72','VolunteerManagement','Account-30','Location-40','OperatingHours-25');
INSERT INTO "PersonLocationAvailability" VALUES('PersonLocationAvailability-73','VolunteerManagement','Account-30','Location-40','OperatingHours-25');
INSERT INTO "PersonLocationAvailability" VALUES('PersonLocationAvailability-74','VolunteerManagement','Account-30','Location-40','OperatingHours-25');
INSERT INTO "PersonLocationAvailability" VALUES('PersonLocationAvailability-75','VolunteerManagement','Account-30','Location-40','OperatingHours-25');
INSERT INTO "PersonLocationAvailability" VALUES('PersonLocationAvailability-76','VolunteerManagement','Account-30','Location-40','OperatingHours-25');
INSERT INTO "PersonLocationAvailability" VALUES('PersonLocationAvailability-77','VolunteerManagement','Account-30','Location-40','OperatingHours-25');
INSERT INTO "PersonLocationAvailability" VALUES('PersonLocationAvailability-78','VolunteerManagement','Account-30','Location-40','OperatingHours-25');
INSERT INTO "PersonLocationAvailability" VALUES('PersonLocationAvailability-79','VolunteerManagement','Account-30','Location-40','OperatingHours-25');
INSERT INTO "PersonLocationAvailability" VALUES('PersonLocationAvailability-80','VolunteerManagement','Account-30','Location-40','OperatingHours-25');
CREATE TABLE "Position" (
	id VARCHAR(255) NOT NULL, 
	"IsInternalApprovalRequired" VARCHAR(255), 
	"Name" VARCHAR(255), 
	PRIMARY KEY (id)
);
INSERT INTO "Position" VALUES('Position-1','False','Art gallery manager');
INSERT INTO "Position" VALUES('Position-2','False','Soil scientist');
INSERT INTO "Position" VALUES('Position-3','False','Therapist, occupational');
INSERT INTO "Position" VALUES('Position-4','False','Herpetologist');
INSERT INTO "Position" VALUES('Position-5','False','Claims inspector/assessor');
INSERT INTO "Position" VALUES('Position-6','False','Optician, dispensing');
INSERT INTO "Position" VALUES('Position-7','False','Occupational psychologist');
INSERT INTO "Position" VALUES('Position-8','False','Scientist, research (maths)');
INSERT INTO "Position" VALUES('Position-9','False','TEFL teacher');
INSERT INTO "Position" VALUES('Position-10','False','Librarian, public');
INSERT INTO "Position" VALUES('Position-11','False','Psychologist, clinical');
INSERT INTO "Position" VALUES('Position-12','False','Scientific laboratory technician');
INSERT INTO "Position" VALUES('Position-13','False','Market researcher');
INSERT INTO "Position" VALUES('Position-14','False','Engineer, civil (contracting)');
INSERT INTO "Position" VALUES('Position-15','False','Quantity surveyor');
INSERT INTO "Position" VALUES('Position-16','False','Accounting technician');
INSERT INTO "Position" VALUES('Position-17','False','Community pharmacist');
INSERT INTO "Position" VALUES('Position-18','False','Engineer, site');
INSERT INTO "Position" VALUES('Position-19','False','Homeopath');
INSERT INTO "Position" VALUES('Position-20','False','Ship broker');
INSERT INTO "Position" VALUES('Position-21','False','Secretary, company');
INSERT INTO "Position" VALUES('Position-22','False','Dentist');
INSERT INTO "Position" VALUES('Position-23','False','Housing manager/officer');
INSERT INTO "Position" VALUES('Position-24','False','Medical laboratory scientific officer');
INSERT INTO "Position" VALUES('Position-25','False','Surveyor, insurance');
INSERT INTO "Position" VALUES('Position-26','False','Printmaker');
INSERT INTO "Position" VALUES('Position-27','False','Community education officer');
INSERT INTO "Position" VALUES('Position-28','False','Engineer, structural');
INSERT INTO "Position" VALUES('Position-29','False','Clinical scientist, histocompatibility and immunogenetics');
INSERT INTO "Position" VALUES('Position-30','False','Print production planner');
INSERT INTO "Position" VALUES('Position-31','False','Barrister''s clerk');
INSERT INTO "Position" VALUES('Position-32','False','Land');
INSERT INTO "Position" VALUES('Position-33','False','Psychologist, educational');
INSERT INTO "Position" VALUES('Position-34','False','Sub');
INSERT INTO "Position" VALUES('Position-35','False','Paediatric nurse');
INSERT INTO "Position" VALUES('Position-36','False','Paramedic');
INSERT INTO "Position" VALUES('Position-37','False','Arboriculturist');
INSERT INTO "Position" VALUES('Position-38','False','Audiological scientist');
INSERT INTO "Position" VALUES('Position-39','False','General practice doctor');
INSERT INTO "Position" VALUES('Position-40','False','Herbalist');
INSERT INTO "Position" VALUES('Position-41','False','English as a foreign language teacher');
INSERT INTO "Position" VALUES('Position-42','False','Optometrist');
INSERT INTO "Position" VALUES('Position-43','False','Cytogeneticist');
INSERT INTO "Position" VALUES('Position-44','False','Health service manager');
INSERT INTO "Position" VALUES('Position-45','False','Engineer, civil (contracting)');
INSERT INTO "Position" VALUES('Position-46','False','Licensed conveyancer');
INSERT INTO "Position" VALUES('Position-47','False','English as a foreign language teacher');
INSERT INTO "Position" VALUES('Position-48','False','Chemical engineer');
INSERT INTO "Position" VALUES('Position-49','False','Press photographer');
INSERT INTO "Position" VALUES('Position-50','False','Clinical cytogeneticist');
INSERT INTO "Position" VALUES('Position-51','False','Radiographer, therapeutic');
INSERT INTO "Position" VALUES('Position-52','False','Purchasing manager');
INSERT INTO "Position" VALUES('Position-53','False','Geologist, engineering');
INSERT INTO "Position" VALUES('Position-54','False','Clinical biochemist');
INSERT INTO "Position" VALUES('Position-55','False','Ceramics designer');
INSERT INTO "Position" VALUES('Position-56','False','Consulting civil engineer');
INSERT INTO "Position" VALUES('Position-57','False','Education officer, museum');
INSERT INTO "Position" VALUES('Position-58','False','Occupational psychologist');
INSERT INTO "Position" VALUES('Position-59','False','Estate manager/land agent');
INSERT INTO "Position" VALUES('Position-60','False','Archivist');
INSERT INTO "Position" VALUES('Position-61','False','Ranger/warden');
INSERT INTO "Position" VALUES('Position-62','False','Accommodation manager');
INSERT INTO "Position" VALUES('Position-63','False','Community development worker');
INSERT INTO "Position" VALUES('Position-64','False','Engineer, technical sales');
INSERT INTO "Position" VALUES('Position-65','False','Operations geologist');
INSERT INTO "Position" VALUES('Position-66','False','Civil Service administrator');
INSERT INTO "Position" VALUES('Position-67','False','Mudlogger');
INSERT INTO "Position" VALUES('Position-68','False','Claims inspector/assessor');
INSERT INTO "Position" VALUES('Position-69','False','Engineer, structural');
INSERT INTO "Position" VALUES('Position-70','False','Engineer, site');
INSERT INTO "Position" VALUES('Position-71','False','Teacher, special educational needs');
INSERT INTO "Position" VALUES('Position-72','False','Engineer, communications');
INSERT INTO "Position" VALUES('Position-73','False','Tourist information centre manager');
INSERT INTO "Position" VALUES('Position-74','False','Herbalist');
INSERT INTO "Position" VALUES('Position-75','False','Retail merchandiser');
INSERT INTO "Position" VALUES('Position-76','False','Sports development officer');
INSERT INTO "Position" VALUES('Position-77','False','Hospital pharmacist');
INSERT INTO "Position" VALUES('Position-78','False','Drilling engineer');
INSERT INTO "Position" VALUES('Position-79','False','Forensic psychologist');
INSERT INTO "Position" VALUES('Position-80','False','Land');
INSERT INTO "Position" VALUES('Position-81','False','Intelligence analyst');
INSERT INTO "Position" VALUES('Position-82','False','Chiropractor');
INSERT INTO "Position" VALUES('Position-83','False','Nurse, mental health');
INSERT INTO "Position" VALUES('Position-84','False','Designer, textile');
INSERT INTO "Position" VALUES('Position-85','False','Illustrator');
INSERT INTO "Position" VALUES('Position-86','False','Police officer');
INSERT INTO "Position" VALUES('Position-87','False','Engineer, electronics');
INSERT INTO "Position" VALUES('Position-88','False','Counsellor');
INSERT INTO "Position" VALUES('Position-89','False','Chartered public finance accountant');
INSERT INTO "Position" VALUES('Position-90','False','Scientist, physiological');
INSERT INTO "Position" VALUES('Position-91','False','Forensic scientist');
INSERT INTO "Position" VALUES('Position-92','False','Quantity surveyor');
INSERT INTO "Position" VALUES('Position-93','False','Medical physicist');
INSERT INTO "Position" VALUES('Position-94','False','Designer, textile');
INSERT INTO "Position" VALUES('Position-95','False','Production assistant, radio');
INSERT INTO "Position" VALUES('Position-96','False','Armed forces logistics/support/administrative officer');
INSERT INTO "Position" VALUES('Position-97','False','Scientist, physiological');
INSERT INTO "Position" VALUES('Position-98','False','Veterinary surgeon');
INSERT INTO "Position" VALUES('Position-99','False','Analytical chemist');
INSERT INTO "Position" VALUES('Position-100','False','Television production assistant');
INSERT INTO "Position" VALUES('Position-101','False','Heritage manager');
INSERT INTO "Position" VALUES('Position-102','False','Community pharmacist');
INSERT INTO "Position" VALUES('Position-103','False','Training and development officer');
INSERT INTO "Position" VALUES('Position-104','False','Nurse, children''s');
INSERT INTO "Position" VALUES('Position-105','False','Media planner');
INSERT INTO "Position" VALUES('Position-106','False','Occupational hygienist');
INSERT INTO "Position" VALUES('Position-107','False','Private music teacher');
INSERT INTO "Position" VALUES('Position-108','False','Colour technologist');
INSERT INTO "Position" VALUES('Position-109','False','Geoscientist');
INSERT INTO "Position" VALUES('Position-110','False','Quantity surveyor');
INSERT INTO "Position" VALUES('Position-111','False','Politician''s assistant');
INSERT INTO "Position" VALUES('Position-112','False','Retail buyer');
INSERT INTO "Position" VALUES('Position-113','False','Police officer');
INSERT INTO "Position" VALUES('Position-114','False','Automotive engineer');
INSERT INTO "Position" VALUES('Position-115','False','Meteorologist');
INSERT INTO "Position" VALUES('Position-116','False','Television/film/video producer');
INSERT INTO "Position" VALUES('Position-117','False','Investment banker, corporate');
INSERT INTO "Position" VALUES('Position-118','False','Designer, ceramics/pottery');
INSERT INTO "Position" VALUES('Position-119','False','Radiographer, diagnostic');
INSERT INTO "Position" VALUES('Position-120','False','Careers adviser');
INSERT INTO "Position" VALUES('Position-121','False','Chemist, analytical');
INSERT INTO "Position" VALUES('Position-122','False','Therapist, occupational');
INSERT INTO "Position" VALUES('Position-123','False','Clinical psychologist');
INSERT INTO "Position" VALUES('Position-124','False','Youth worker');
INSERT INTO "Position" VALUES('Position-125','False','Development worker, community');
INSERT INTO "Position" VALUES('Position-126','False','Leisure centre manager');
INSERT INTO "Position" VALUES('Position-127','False','Technical sales engineer');
INSERT INTO "Position" VALUES('Position-128','False','Chiropodist');
INSERT INTO "Position" VALUES('Position-129','False','Occupational therapist');
INSERT INTO "Position" VALUES('Position-130','False','Engineer, aeronautical');
INSERT INTO "Position" VALUES('Position-131','False','Training and development officer');
INSERT INTO "Position" VALUES('Position-132','False','Sub');
CREATE TABLE "PositionQualification" (
	id VARCHAR(255) NOT NULL, 
	"PositionId" VARCHAR(255), 
	PRIMARY KEY (id)
);
INSERT INTO "PositionQualification" VALUES('PositionQualification-1','Position-72');
INSERT INTO "PositionQualification" VALUES('PositionQualification-2','Position-72');
INSERT INTO "PositionQualification" VALUES('PositionQualification-3','Position-72');
INSERT INTO "PositionQualification" VALUES('PositionQualification-4','Position-72');
INSERT INTO "PositionQualification" VALUES('PositionQualification-5','Position-72');
INSERT INTO "PositionQualification" VALUES('PositionQualification-6','Position-72');
INSERT INTO "PositionQualification" VALUES('PositionQualification-7','Position-72');
INSERT INTO "PositionQualification" VALUES('PositionQualification-8','Position-72');
INSERT INTO "PositionQualification" VALUES('PositionQualification-9','Position-72');
INSERT INTO "PositionQualification" VALUES('PositionQualification-10','Position-72');
INSERT INTO "PositionQualification" VALUES('PositionQualification-11','Position-72');
INSERT INTO "PositionQualification" VALUES('PositionQualification-12','Position-72');
INSERT INTO "PositionQualification" VALUES('PositionQualification-13','Position-72');
INSERT INTO "PositionQualification" VALUES('PositionQualification-14','Position-72');
INSERT INTO "PositionQualification" VALUES('PositionQualification-15','Position-72');
INSERT INTO "PositionQualification" VALUES('PositionQualification-16','Position-72');
INSERT INTO "PositionQualification" VALUES('PositionQualification-17','Position-72');
INSERT INTO "PositionQualification" VALUES('PositionQualification-18','Position-72');
INSERT INTO "PositionQualification" VALUES('PositionQualification-19','Position-72');
INSERT INTO "PositionQualification" VALUES('PositionQualification-20','Position-72');
INSERT INTO "PositionQualification" VALUES('PositionQualification-21','Position-84');
INSERT INTO "PositionQualification" VALUES('PositionQualification-22','Position-84');
INSERT INTO "PositionQualification" VALUES('PositionQualification-23','Position-84');
INSERT INTO "PositionQualification" VALUES('PositionQualification-24','Position-84');
INSERT INTO "PositionQualification" VALUES('PositionQualification-25','Position-84');
INSERT INTO "PositionQualification" VALUES('PositionQualification-26','Position-84');
INSERT INTO "PositionQualification" VALUES('PositionQualification-27','Position-84');
INSERT INTO "PositionQualification" VALUES('PositionQualification-28','Position-84');
INSERT INTO "PositionQualification" VALUES('PositionQualification-29','Position-84');
INSERT INTO "PositionQualification" VALUES('PositionQualification-30','Position-84');
INSERT INTO "PositionQualification" VALUES('PositionQualification-31','Position-84');
INSERT INTO "PositionQualification" VALUES('PositionQualification-32','Position-84');
INSERT INTO "PositionQualification" VALUES('PositionQualification-33','Position-84');
INSERT INTO "PositionQualification" VALUES('PositionQualification-34','Position-84');
INSERT INTO "PositionQualification" VALUES('PositionQualification-35','Position-84');
INSERT INTO "PositionQualification" VALUES('PositionQualification-36','Position-84');
INSERT INTO "PositionQualification" VALUES('PositionQualification-37','Position-84');
INSERT INTO "PositionQualification" VALUES('PositionQualification-38','Position-84');
INSERT INTO "PositionQualification" VALUES('PositionQualification-39','Position-84');
INSERT INTO "PositionQualification" VALUES('PositionQualification-40','Position-84');
INSERT INTO "PositionQualification" VALUES('PositionQualification-41','Position-132');
INSERT INTO "PositionQualification" VALUES('PositionQualification-42','Position-132');
INSERT INTO "PositionQualification" VALUES('PositionQualification-43','Position-132');
INSERT INTO "PositionQualification" VALUES('PositionQualification-44','Position-132');
INSERT INTO "PositionQualification" VALUES('PositionQualification-45','Position-132');
INSERT INTO "PositionQualification" VALUES('PositionQualification-46','Position-132');
INSERT INTO "PositionQualification" VALUES('PositionQualification-47','Position-132');
INSERT INTO "PositionQualification" VALUES('PositionQualification-48','Position-132');
INSERT INTO "PositionQualification" VALUES('PositionQualification-49','Position-132');
INSERT INTO "PositionQualification" VALUES('PositionQualification-50','Position-132');
INSERT INTO "PositionQualification" VALUES('PositionQualification-51','Position-132');
INSERT INTO "PositionQualification" VALUES('PositionQualification-52','Position-132');
INSERT INTO "PositionQualification" VALUES('PositionQualification-53','Position-132');
INSERT INTO "PositionQualification" VALUES('PositionQualification-54','Position-132');
INSERT INTO "PositionQualification" VALUES('PositionQualification-55','Position-132');
INSERT INTO "PositionQualification" VALUES('PositionQualification-56','Position-132');
INSERT INTO "PositionQualification" VALUES('PositionQualification-57','Position-132');
INSERT INTO "PositionQualification" VALUES('PositionQualification-58','Position-132');
INSERT INTO "PositionQualification" VALUES('PositionQualification-59','Position-132');
INSERT INTO "PositionQualification" VALUES('PositionQualification-60','Position-132');
CREATE TABLE "TimeSlot" (
	id VARCHAR(255) NOT NULL, 
	"DayOfWeek" VARCHAR(255), 
	"EndTime" VARCHAR(255), 
	"StartTime" VARCHAR(255), 
	"Type" VARCHAR(255), 
	"OperatingHoursId" VARCHAR(255), 
	PRIMARY KEY (id)
);
INSERT INTO "TimeSlot" VALUES('TimeSlot-1','Friday','11:00:00.000Z','10:00:00.000Z','Normal','OperatingHours-15');
INSERT INTO "TimeSlot" VALUES('TimeSlot-2','Thursday','15:00:00.000Z','14:00:00.000Z','Normal','OperatingHours-15');
INSERT INTO "TimeSlot" VALUES('TimeSlot-3','Friday','15:00:00.000Z','14:00:00.000Z','Normal','OperatingHours-15');
INSERT INTO "TimeSlot" VALUES('TimeSlot-4','Thursday','09:00:00.000Z','08:00:00.000Z','Normal','OperatingHours-15');
INSERT INTO "TimeSlot" VALUES('TimeSlot-5','Monday','15:00:00.000Z','14:00:00.000Z','Normal','OperatingHours-15');
INSERT INTO "TimeSlot" VALUES('TimeSlot-6','Sunday','14:00:00.000Z','13:00:00.000Z','Normal','OperatingHours-15');
INSERT INTO "TimeSlot" VALUES('TimeSlot-7','Wednesday','10:00:00.000Z','09:00:00.000Z','Normal','OperatingHours-15');
INSERT INTO "TimeSlot" VALUES('TimeSlot-8','Thursday','14:00:00.000Z','13:00:00.000Z','Normal','OperatingHours-15');
INSERT INTO "TimeSlot" VALUES('TimeSlot-9','Sunday','15:00:00.000Z','14:00:00.000Z','Normal','OperatingHours-15');
INSERT INTO "TimeSlot" VALUES('TimeSlot-10','Thursday','11:00:00.000Z','10:00:00.000Z','Normal','OperatingHours-15');
INSERT INTO "TimeSlot" VALUES('TimeSlot-11','Tuesday','10:00:00.000Z','09:00:00.000Z','Normal','OperatingHours-15');
INSERT INTO "TimeSlot" VALUES('TimeSlot-12','Wednesday','09:00:00.000Z','08:00:00.000Z','Normal','OperatingHours-15');
INSERT INTO "TimeSlot" VALUES('TimeSlot-13','Monday','14:00:00.000Z','13:00:00.000Z','Normal','OperatingHours-15');
CREATE TABLE "VolunteerInitiative" (
	id VARCHAR(255) NOT NULL, 
	"IsPublished" VARCHAR(255), 
	"Name" VARCHAR(255), 
	"ParentVolunteerInitiativeId" VARCHAR(255), 
	PRIMARY KEY (id)
);
INSERT INTO "VolunteerInitiative" VALUES('VolunteerInitiative-1','True','Enterprise-wide 24/7 data-warehouse','');
INSERT INTO "VolunteerInitiative" VALUES('VolunteerInitiative-2','False','Programmable human-resource open system','');
INSERT INTO "VolunteerInitiative" VALUES('VolunteerInitiative-3','False','Balanced 4thgeneration moratorium','');
INSERT INTO "VolunteerInitiative" VALUES('VolunteerInitiative-4','True','Assimilated needs-based methodology','');
INSERT INTO "VolunteerInitiative" VALUES('VolunteerInitiative-5','True','Optional didactic algorithm','');
INSERT INTO "VolunteerInitiative" VALUES('VolunteerInitiative-6','False','User-centric actuating info-mediaries','');
INSERT INTO "VolunteerInitiative" VALUES('VolunteerInitiative-7','False','Synergistic multimedia budgetary management','');
INSERT INTO "VolunteerInitiative" VALUES('VolunteerInitiative-8','False','Assimilated zero administration paradigm','');
INSERT INTO "VolunteerInitiative" VALUES('VolunteerInitiative-9','False','Open-architected intangible productivity','');
INSERT INTO "VolunteerInitiative" VALUES('VolunteerInitiative-10','True','Profound bifurcated success','');
INSERT INTO "VolunteerInitiative" VALUES('VolunteerInitiative-11','False','Virtual modular customer loyalty','');
INSERT INTO "VolunteerInitiative" VALUES('VolunteerInitiative-12','True','Quality-focused dedicated system engine','');
INSERT INTO "VolunteerInitiative" VALUES('VolunteerInitiative-13','False','Diverse asymmetric instruction set','');
INSERT INTO "VolunteerInitiative" VALUES('VolunteerInitiative-14','False','Assimilated transitional capability','');
INSERT INTO "VolunteerInitiative" VALUES('VolunteerInitiative-15','False','Persevering high-level process improvement','');
INSERT INTO "VolunteerInitiative" VALUES('VolunteerInitiative-16','False','Operative reciprocal database','');
INSERT INTO "VolunteerInitiative" VALUES('VolunteerInitiative-17','True','Synergistic asymmetric support','');
INSERT INTO "VolunteerInitiative" VALUES('VolunteerInitiative-18','True','Sharable tangible knowledgebase','');
INSERT INTO "VolunteerInitiative" VALUES('VolunteerInitiative-19','True','Assimilated didactic extranet','');
INSERT INTO "VolunteerInitiative" VALUES('VolunteerInitiative-20','False','Assimilated 6thgeneration knowledge user','');
INSERT INTO "VolunteerInitiative" VALUES('VolunteerInitiative-21','False','Cross-platform homogeneous throughput','');
INSERT INTO "VolunteerInitiative" VALUES('VolunteerInitiative-22','True','Virtual maximized initiative','');
INSERT INTO "VolunteerInitiative" VALUES('VolunteerInitiative-23','False','Visionary zero tolerance software','');
INSERT INTO "VolunteerInitiative" VALUES('VolunteerInitiative-24','True','Grass-roots explicit moratorium','');
INSERT INTO "VolunteerInitiative" VALUES('VolunteerInitiative-25','False','Object-based static time-frame','');
INSERT INTO "VolunteerInitiative" VALUES('VolunteerInitiative-26','True','User-centric multi-state emulation','');
INSERT INTO "VolunteerInitiative" VALUES('VolunteerInitiative-27','False','Quality-focused bandwidth-monitored encoding','');
INSERT INTO "VolunteerInitiative" VALUES('VolunteerInitiative-28','True','Visionary contextually-based architecture','');
INSERT INTO "VolunteerInitiative" VALUES('VolunteerInitiative-29','True','Devolved leadingedge archive','');
INSERT INTO "VolunteerInitiative" VALUES('VolunteerInitiative-30','False','Multi-lateral asynchronous infrastructure','');
INSERT INTO "VolunteerInitiative" VALUES('VolunteerInitiative-31','True','Mandatory context-sensitive protocol','');
INSERT INTO "VolunteerInitiative" VALUES('VolunteerInitiative-32','False','Robust impactful implementation','');
INSERT INTO "VolunteerInitiative" VALUES('VolunteerInitiative-33','True','Re-engineered impactful knowledgebase','');
INSERT INTO "VolunteerInitiative" VALUES('VolunteerInitiative-34','True','Re-engineered global forecast','');
INSERT INTO "VolunteerInitiative" VALUES('VolunteerInitiative-35','False','Versatile asynchronous flexibility','');
INSERT INTO "VolunteerInitiative" VALUES('VolunteerInitiative-36','False','Multi-tiered directional help-desk','');
INSERT INTO "VolunteerInitiative" VALUES('VolunteerInitiative-37','True','Enterprise-wide systemic secured line','');
INSERT INTO "VolunteerInitiative" VALUES('VolunteerInitiative-38','True','Pre-emptive exuding contingency','');
INSERT INTO "VolunteerInitiative" VALUES('VolunteerInitiative-39','True','Vision-oriented value-added Graphical User Interface','');
INSERT INTO "VolunteerInitiative" VALUES('VolunteerInitiative-40','True','Decentralized explicit firmware','');
INSERT INTO "VolunteerInitiative" VALUES('VolunteerInitiative-41','False','Exclusive motivating installation','');
INSERT INTO "VolunteerInitiative" VALUES('VolunteerInitiative-42','False','Horizontal grid-enabled orchestration','');
INSERT INTO "VolunteerInitiative" VALUES('VolunteerInitiative-43','True','Vision-oriented impactful hardware','');
INSERT INTO "VolunteerInitiative" VALUES('VolunteerInitiative-44','True','Virtual demand-driven implementation','');
INSERT INTO "VolunteerInitiative" VALUES('VolunteerInitiative-45','True','Face-to-face logistical capacity','');
INSERT INTO "VolunteerInitiative" VALUES('VolunteerInitiative-46','True','User-centric well-modulated info-mediaries','');
INSERT INTO "VolunteerInitiative" VALUES('VolunteerInitiative-47','False','Configurable holistic application','');
INSERT INTO "VolunteerInitiative" VALUES('VolunteerInitiative-48','False','Managed explicit policy','');
INSERT INTO "VolunteerInitiative" VALUES('VolunteerInitiative-49','True','Profound dynamic core','');
INSERT INTO "VolunteerInitiative" VALUES('VolunteerInitiative-50','False','Synergistic 5thgeneration alliance','');
INSERT INTO "VolunteerInitiative" VALUES('VolunteerInitiative-51','False','Business-focused 6thgeneration application','');
INSERT INTO "VolunteerInitiative" VALUES('VolunteerInitiative-52','True','Reduced encompassing parallelism','');
INSERT INTO "VolunteerInitiative" VALUES('VolunteerInitiative-53','True','Business-focused eco-centric array','');
INSERT INTO "VolunteerInitiative" VALUES('VolunteerInitiative-54','True','De-engineered dynamic structure','');
INSERT INTO "VolunteerInitiative" VALUES('VolunteerInitiative-55','False','Secured national toolset','');
INSERT INTO "VolunteerInitiative" VALUES('VolunteerInitiative-56','True','Focused mobile budgetary management','');
INSERT INTO "VolunteerInitiative" VALUES('VolunteerInitiative-57','True','Function-based directional extranet','');
INSERT INTO "VolunteerInitiative" VALUES('VolunteerInitiative-58','True','Extended human-resource Internet solution','');
INSERT INTO "VolunteerInitiative" VALUES('VolunteerInitiative-59','False','Monitored heuristic software','');
INSERT INTO "VolunteerInitiative" VALUES('VolunteerInitiative-60','False','Upgradable neutral knowledgebase','');
INSERT INTO "VolunteerInitiative" VALUES('VolunteerInitiative-61','True','Visionary zero tolerance encoding','');
INSERT INTO "VolunteerInitiative" VALUES('VolunteerInitiative-62','False','Adaptive 3rdgeneration system engine','');
INSERT INTO "VolunteerInitiative" VALUES('VolunteerInitiative-63','False','Devolved human-resource analyzer','');
INSERT INTO "VolunteerInitiative" VALUES('VolunteerInitiative-64','True','Cross-group national capability','');
INSERT INTO "VolunteerInitiative" VALUES('VolunteerInitiative-65','False','Compatible homogeneous implementation','');
INSERT INTO "VolunteerInitiative" VALUES('VolunteerInitiative-66','True','Enhanced solution-oriented firmware','');
COMMIT;
